Date,0P00006G2D.SI,0P00006ONO.SI,0P00000K03,0P00009VQG.SI,JAGCX,0P0001DK5T.SI,0P000161I1,0P0001NP7X.SI,0P00019B21.HK,PEBCX
2015/3/16,,,,,9.535103798,,,,,6.456185818
2015/3/17,,,,,9.664620399,,,,,6.462686539
2015/3/18,,,,,9.669086456,,,,,6.527635574
2015/3/19,,,,,9.727146149,,,,,6.566607475
2015/3/20,,,,,9.713747978,,,,,6.599085808
2015/3/23,,,,,9.669086456,,,,,6.631557465
2015/3/24,,,,,9.441317558,,,,,6.65104866
2015/3/25,,,,,9.396656036,,,,,6.631557465
2015/3/26,,,,,9.401120186,,,,,6.631557465
2015/3/27,,,,,9.508306503,,,,,6.63805294
2015/3/30,,,,,9.459180832,,,,,6.665418148
2015/3/31,,,,,9.423451424,,,,,6.697996616
2015/4/1,,,,,9.454715729,,,,,6.730573654
2015/4/2,,,,,9.539570808,,,,,6.743609428
2015/4/6,,,,,9.530637741,,,,,6.763149738
2015/4/7,,,,,9.597629547,,,,,6.795733452
2015/4/8,,,,,9.637824059,,,,,6.828307152
2015/4/9,,,,,9.67355442,,,,,6.834820271
2015/4/10,,,,,9.642289162,,,,,6.841340542
2015/4/13,,,,,9.619959831,,,,,6.860888481
2015/4/14,,,,,9.68248558,,,,,6.854373932
2015/4/15,,,,,9.709282875,,,,,6.847859383
2015/4/16,,,,,9.570832253,,,,,6.828307152
2015/4/17,,,,,9.664620399,,,,,6.815278053
2015/4/20,,,,,9.700348854,,,,,6.815278053
2015/4/21,,,,,9.771806717,,,,,6.828307152
2015/4/22,,,,,9.776272774,,,,,6.854373932
2015/4/23,,,,,9.789672852,,,,,6.886952877
2015/4/24,,,,,9.803070068,,,,,6.886952877
2015/4/27,,,,,9.771806717,,,,,6.880433083
2015/4/28,,,,,9.67801857,,,,,6.860888481
2015/4/29,,,,,9.544036865,,,,,6.861538887
2015/4/30,,,,,9.602095604,,,,,6.848465919
2015/5/1,,,,,9.642289162,,,,,6.848465919
2015/5/4,,,,,9.517240524,,,,,6.841937065
2015/5/5,,,,,9.472578049,,,,,6.828866482
2015/5/6,,,,,9.544036865,,,,,6.822329521
2015/5/7,,,,,9.628891945,,,,,6.855005264
2015/5/8,,,,,9.615493774,,,,,6.848465919
2015/5/11,,,,,9.566367149,,,,,6.809260845
2015/5/12,,,,,9.593164444,,,,,6.835399151
2015/5/13,,,,,9.731611252,,,,,6.835399151
2015/5/14,,,,,9.713747978,,,,,6.861538887
2015/5/15,,,,,9.7584095,,,,,6.861538887
2015/5/18,,,,,9.7584095,,,,,6.841937065
2015/5/19,,,,,9.7584095,,,,,6.841937065
2015/5/20,,,,,9.789672852,,,,,6.861538887
2015/5/21,,,,,9.816468239,,,,,6.874613762
2015/5/22,,,,,9.718214035,,,,,6.861538887
2015/5/26,,,,,9.829866409,,,,,6.841937065
2015/5/27,,,,,9.812001228,,,,,6.822329521
2015/5/28,,,,,9.727146149,,,,,6.8347826
2015/5/29,,,,,9.745010376,,,,,6.815122128
2015/6/1,,,,,9.75394249,,,,,6.7954669
2015/6/2,,,,,9.789672852,,,,,6.769256115
2015/6/3,,,,,9.727146149,,,,,6.749591827
2015/6/4,,,,,9.745010376,,,,,6.71027565
2015/6/5,,,,,9.633357048,,,,,6.690612793
2015/6/8,,,,,9.606560707,,,,,6.677509308
2015/6/9,,,,,9.718214035,,,,,6.657850742
2015/6/10,,,,,9.736078262,,,,,6.677509308
2015/6/11,,,,,9.700348854,,,,,6.697170258
2015/6/12,,,,,9.633357048,,,,,6.670957565
2015/6/15,,,,,9.67355442,,,,,6.651297092
2015/6/16,,,,,9.691417694,,,,,6.657850742
2015/6/17,,,,,9.7584095,,,,,6.697170258
2015/6/18,,,,,9.718214035,,,,,6.703721046
2015/6/19,,,,,9.776272774,,,,,6.71027565
2015/6/22,,,,,9.820934296,,,,,6.723381519
2015/6/23,,,,,9.736078262,,,,,6.729933739
2015/6/24,,,,,9.713747978,,,,,6.71027565
2015/6/25,,,,,9.615493774,,,,,6.697170258
2015/6/26,,,,,9.39218998,,,,,6.664404869
2015/6/29,,,,,9.432384491,,,,,6.697265148
2015/6/30,,,,,9.477046013,,,,,6.710407257
2015/7/1,,,,,9.459180832,,,,,6.710407257
2015/7/2,,,,,9.369859695,,,,,6.703840733
2015/7/6,,,,,9.365393639,,,,,6.690693855
2015/7/7,,,,,9.186748505,,,,,6.677548409
2015/7/8,,,,,9.244810104,,,,,6.690693855
2015/7/9,,,,,9.329665184,,,,,6.697265148
2015/7/10,,,,,9.441317558,,,,,6.697265148
2015/7/13,,,,,9.463647842,,,,,6.690693855
2015/7/14,,,,,9.432384491,,,,,6.684122086
2015/7/15,,,,,9.544036865,,,,,6.703840733
2015/7/16,,,,,9.704814911,,,,,6.703840733
2015/7/17,,,,,9.704814911,,,,,6.697265148
2015/7/20,,,,,9.695883751,,,,,6.690693855
2015/7/21,,,,,9.611029625,,,,,6.684122086
2015/7/22,,,,,9.579766273,,,,,6.657829762
2015/7/23,,,,,9.499375343,,,,,6.638115883
2015/7/24,,,,,9.39218998,,,,,6.59210968
2015/7/27,,,,,9.503842354,,,,,6.59210968
2015/7/28,,,,,9.530637741,,,,,6.618395329
2015/7/29,,,,,9.548502922,,,,,6.638115883
2015/7/30,,,,,9.508306503,,,,,6.673064232
2015/7/31,,,,,9.445782661,,,,,6.653282642
2015/8/3,,,,,9.40558815,,,,,6.646689892
2015/8/4,,,,,9.472578049,,,,,6.633499146
2015/8/5,,,,,9.378791809,,,,,6.600529194
2015/8/6,,,,,9.383257866,,,,,6.593935966
2015/8/7,,,,,9.512774467,,,,,6.593935966
2015/8/10,,,,,9.41451931,,,,,6.58074522
2015/8/11,,,,,9.378791809,,,,,6.574150562
2015/8/12,,,,,9.374324799,,,,,6.567556858
2015/8/13,,,,,9.39218998,,,,,6.560966969
2015/8/14,,,,,9.450249672,,,,,6.547780514
2015/8/17,,,,,9.401120186,,,,,6.534590244
2015/8/18,,,,,9.347528458,,,,,6.508209705
2015/8/19,,,,,9.075097084,,,,,6.475245953
2015/8/20,,,,,8.780335426,,,,,6.448868275
2015/8/21,,,,,8.463241577,,,,,6.363146782
2015/8/24,,,,,8.467708588,,,,,6.389520645
2015/8/25,,,,,8.7981987,,,,,6.382929802
2015/8/26,,,,,9.012571335,,,,,6.442276478
2015/8/27,,,,,9.0527668,,,,,6.468653202
2015/8/28,,,,,8.972377777,,,,,6.491815567
2015/8/31,,,,,8.699944496,,,,,6.465342045
2015/9/1,,,,,8.883054733,,,,,6.445487976
2015/9/2,,,,,8.891987801,,,,,6.452104568
2015/9/3,,,,,8.780335426,,,,,6.445487976
2015/9/4,,,,,8.999174118,,,,,6.438871384
2015/9/8,,,,,8.918783188,,,,,6.458725929
2015/9/9,,,,,8.97684288,,,,,6.438871384
2015/9/10,,,,,9.048299789,,,,,6.425638199
2015/9/11,,,,,9.025970459,,,,,6.419016838
2015/9/14,,,,,9.15102005,,,,,6.425638199
2015/9/15,,,,,9.23141098,,,,,6.438871384
2015/9/16,,,,,9.209080696,,,,,6.452104568
2015/9/17,,,,,9.106358528,,,,,6.458725929
2015/9/18,,,,,9.13762188,,,,,6.438871384
2015/9/21,,,,,8.985774994,,,,,6.366078377
2015/9/22,,,,,8.945579529,,,,,6.332989693
2015/9/23,,,,,8.918783188,,,,,6.273435593
2015/9/24,,,,,8.887521744,,,,,6.25358057
2015/9/25,,,,,8.659749031,,,,,6.187401772
2015/9/28,,,,,8.61509037,,,,,6.147699356
2015/9/29,,,,,8.7981987,,,,,6.223412037
2015/9/30,,,,,8.802664757,,,,,6.263267517
2015/10/1,,,,,8.941113472,,,,,6.289834976
2015/10/2,,,,,9.119758606,,,,,6.356254101
2015/10/5,,,,,9.110825539,,,,,6.402745247
2015/10/6,,,,,9.200147629,,,,,6.429313183
2015/10/7,,,,,9.2492733,,,,,6.422671318
2015/10/8,,,,,9.311799049,,,,,6.455879211
2015/10/9,,,,,9.311799049,,,,,6.46252346
2015/10/12,,,,,9.253740311,,,,,6.435959816
2015/10/13,,,,,9.218011856,,,,,6.429313183
2015/10/14,,,,,9.365393639,,,,,6.469165325
2015/10/15,,,,,9.387722969,,,,,6.495732784
2015/10/16,,,,,9.410053253,,,,,6.495732784
2015/10/19,,,,,9.383257866,,,,,6.482449532
2015/10/20,,,,,9.289468765,,,,,6.46252346
2015/10/21,,,,,9.494909286,,,,,6.475808144
2015/10/22,,,,,9.67355442,,,,,6.495732784
2015/10/23,,,,,9.669086456,,,,,6.509016514
2015/10/26,,,,,9.593164444,,,,,6.489090443
2015/10/27,,,,,9.789672852,,,,,6.50237608
2015/10/28,,,,,9.722681046,,,,,6.482449532
2015/10/29,,,,,9.731611252,,,,,6.511775494
2015/10/30,,,,,9.829866409,,,,,6.525107861
2015/11/2,,,,,9.847730637,,,,,6.571762085
2015/11/3,,,,,9.874526978,,,,,6.585092068
2015/11/4,,,,,9.86559391,,,,,6.5784235
2015/11/5,,,,,9.919187546,,,,,6.545099735
2015/11/6,,,,,9.820934296,,,,,6.498444557
2015/11/9,,,,,9.76734066,,,,,6.491780758
2015/11/10,,,,,9.780740738,,,,,6.491780758
2015/11/11,,,,,9.686952591,,,,,6.485115528
2015/11/12,,,,,9.517240524,,,,,6.4584589
2015/11/13,,,,,9.633357048,,,,,6.465117455
2015/11/16,,,,,9.624424934,,,,,6.478448868
2015/11/17,,,,,9.789672852,,,,,6.485115528
2015/11/18,,,,,9.829866409,,,,,6.511775494
2015/11/19,,,,,9.883459091,,,,,6.531771183
2015/11/20,,,,,9.85666275,,,,,6.531771183
2015/11/23,,,,,9.870061874,,,,,6.518438816
2015/11/24,,,,,9.896859169,,,,,6.505107403
2015/11/25,,,,,9.914722443,,,,,6.498444557
2015/11/27,,,,,9.905791283,,,,,6.493093491
2015/11/30,,,,,10.01297569,,,,,6.486407757
2015/12/1,,,,,9.941518784,,,,,6.479722023
2015/12/2,,,,,9.816468239,,,,,6.432911396
2015/12/3,,,,,9.963848114,,,,,6.426224232
2015/12/4,,,,,9.85666275,,,,,6.426224232
2015/12/7,,,,,9.820934296,,,,,6.386105061
2015/12/8,,,,,9.691417694,,,,,6.406164169
2015/12/9,,,,,9.722681046,,,,,6.366041183
2015/12/10,,,,,9.503842354,,,,,6.299171448
2015/12/11,,,,,9.530637741,,,,,6.252359867
2015/12/14,,,,,9.566367149,,,,,6.279110909
2015/12/15,,,,,9.727146149,,,,,6.269018173
2015/12/16,,,,,9.583680153,,,,,6.289200783
2015/12/17,,,,,9.429105759,,,,,6.269018173
2015/12/18,,,,,9.482240677,,,,,6.248841286
2015/12/21,,,,,9.535374641,,,,,6.248841286
2015/12/22,,,,,9.607832909,,,,,6.262292862
2015/12/23,,,,,9.598172188,,,,,6.262292862
2015/12/24,,,,,9.598172188,,,,,6.262292862
2015/12/28,,,,,9.689949036,,,,,6.269018173
2015/12/29,,,,,9.622324944,,,,,6.262292862
2015/12/30,,,,,9.516054153,,,,,6.289315224
2015/12/31,,,,,9.293851852,,,,,6.289315224
2016/1/4,,,,,9.264868736,,,,,6.302828789
2016/1/5,,,,,9.12961483,,,,,6.296071053
2016/1/6,,,,,8.863940239,,,,,6.262292862
2016/1/7,,,,,8.781821251,,,,,6.25553894
2016/1/8,,,,,8.796311378,,,,,6.221763611
2016/1/11,,,,,8.897752762,,,,,6.187984943
2016/1/12,,,,,8.63207531,,,,,6.160961628
2016/1/13,,,,,8.772158623,,,,,6.133943558
2016/1/14,,,,,8.52580452,,,,,6.073142052
2016/1/15,,,,,8.52580452,,,,,6.066384315
2016/1/19,,,,,8.496821404,,,,,6.019095898
2016/1/20,,,,,8.520974159,,,,,6.039364815
2016/1/21,,,,,8.733515739,,,,,6.113675117
2016/1/22,,,,,8.593432426,,,,,6.100164413
2016/1/25,,,,,8.651397705,,,,,6.113675117
2016/1/26,,,,,8.463007927,,,,,6.147454262
2016/1/27,,,,,8.501653671,,,,,6.17447567
2016/1/28,,,,,8.757668495,,,,,6.208362103
2016/1/29,,,,,8.791481972,,,,,6.188027859
2016/2/1,,,,,8.574109077,,,,,6.15414238
2016/2/2,,,,,8.520974159,,,,,6.160921097
2016/2/3,,,,,8.569280624,,,,,6.181251526
2016/2/4,,,,,8.153857231,,,,,6.194808483
2016/2/5,,,,,7.893012524,,,,,6.15414238
2016/2/8,,,,,7.917162895,,,,,6.127030849
2016/2/9,,,,,7.941317081,,,,,6.127030849
2016/2/10,,,,,7.893012524,,,,,6.086361885
2016/2/11,,,,,7.970299721,,,,,6.099918365
2016/2/12,,,,,8.182839394,,,,,6.127030849
2016/2/16,,,,,8.405042648,,,,,6.188027859
2016/2/17,,,,,8.337415695,,,,,6.215140343
2016/2/18,,,,,8.395381927,,,,,6.208362103
2016/2/19,,,,,8.501653671,,,,,6.242252827
2016/2/22,,,,,8.385721207,,,,,6.235474586
2016/2/23,,,,,8.443685532,,,,,6.235474586
2016/2/24,,,,,8.545127869,,,,,6.255806446
2016/2/25,,,,,8.588602066,,,,,6.276138783
2016/2/26,,,,,8.578939438,,,,,6.320362091
2016/2/29,,,,,8.84461689,,,,,6.354378223
2016/3/1,,,,,8.873599052,,,,,6.38839674
2016/3/2,,,,,8.931566238,,,,,6.408802986
2016/3/3,,,,,8.970209122,,,,,6.442818165
2016/3/4,,,,,8.921904564,,,,,6.449624062
2016/3/7,,,,,8.815633774,,,,,6.442818165
2016/3/8,,,,,8.868768692,,,,,6.449624062
2016/3/9,,,,,8.863940239,,,,,6.463229656
2016/3/10,,,,,9.037837029,,,,,6.490445137
2016/3/11,,,,,9.061987877,,,,,6.497255325
2016/3/14,,,,,9.018514633,,,,,6.463229656
2016/3/15,,,,,9.12478447,,,,,6.47003746
2016/3/16,,,,,9.177920341,,,,,6.551678658
2016/3/17,,,,,9.240715981,,,,,6.592496872
2016/3/18,,,,,9.255207062,,,,,6.612909794
2016/3/21,,,,,9.260038376,,,,,6.599302292
2016/3/22,,,,,9.182750702,,,,,6.585695267
2016/3/23,,,,,9.197242737,,,,,6.551678658
2016/3/24,,,,,9.20207119,,,,,6.551678658
2016/3/28,,,,,9.361477852,,,,,6.551678658
2016/3/29,,,,,9.409783363,,,,,6.585695267
2016/3/30,,,,,9.409783363,,,,,6.622562408
2016/3/31,,,,,9.462918282,,,,,6.615734577
2016/4/1,,,,,9.448426247,,,,,6.615734577
2016/4/4,,,,,9.346987724,,,,,6.595256329
2016/4/5,,,,,9.433936119,,,,,6.602080345
2016/4/6,,,,,9.318005562,,,,,6.581595898
2016/4/7,,,,,9.356648445,,,,,6.602080345
2016/4/8,,,,,9.322834969,,,,,6.615734577
2016/4/11,,,,,9.366309166,,,,,6.643044949
2016/4/12,,,,,9.535374641,,,,,6.704490185
2016/4/13,,,,,9.491901398,,,,,6.731800079
2016/4/14,,,,,9.47741127,,,,,6.724972248
2016/4/15,,,,,9.501564026,,,,,6.718141079
2016/4/18,,,,,9.458086967,,,,,6.765937328
2016/4/19,,,,,9.491901398,,,,,6.779591084
2016/4/20,,,,,9.501564026,,,,,6.772764683
2016/4/21,,,,,9.453257561,,,,,6.752283096
2016/4/22,,,,,9.424275398,,,,,6.731800079
2016/4/25,,,,,9.429105759,,,,,6.724972248
2016/4/26,,,,,9.404952049,,,,,6.745454311
2016/4/27,,,,,9.313173294,,,,,6.786418438
2016/4/28,,,,,9.293851852,,,,,6.796697617
2016/4/29,,,,,9.366309166,,,,,6.796697617
2016/5/2,,,,,9.264868736,,,,,6.769289494
2016/5/3,,,,,9.235886574,,,,,6.748735905
2016/5/4,,,,,9.240715981,,,,,6.755587101
2016/5/5,,,,,9.274530411,,,,,6.755587101
2016/5/6,,,,,9.274530411,,,,,6.755587101
2016/5/9,,,,,9.385632515,,,,,6.769289494
2016/5/10,,,,,9.322834969,,,,,6.78984499
2016/5/11,,,,,9.269699097,,,,,6.803548813
2016/5/12,,,,,9.235886574,,,,,6.810399055
2016/5/13,,,,,9.361477852,,,,,6.810399055
2016/5/16,,,,,9.274530411,,,,,6.803548813
2016/5/17,,,,,9.33732605,,,,,6.776144028
2016/5/18,,,,,9.269699097,,,,,6.728181362
2016/5/19,,,,,9.390460968,,,,,6.735032082
2016/5/20,,,,,9.400123596,,,,,6.721329689
2016/5/23,,,,,9.574020386,,,,,6.735032082
2016/5/24,,,,,9.617494583,,,,,6.741887569
2016/5/25,,,,,9.641646385,,,,,6.741887569
2016/5/26,,,,,9.704442024,,,,,6.741887569
2016/5/27,,,,,9.718934059,,,,,6.767330647
2016/5/31,,,,,9.714104652,,,,,6.767330647
2016/6/1,,,,,9.767239571,,,,,6.787961483
2016/6/2,,,,,9.752748489,,,,,6.83610487
2016/6/3,,,,,9.820374489,,,,,6.863614559
2016/6/6,,,,,9.868678093,,,,,6.891120911
2016/6/7,,,,,9.892830849,,,,,6.918636322
2016/6/8,,,,,9.883170128,,,,,6.918636322
2016/6/9,,,,,9.733427048,,,,,6.898001194
2016/6/10,,,,,9.646476746,,,,,6.870492935
2016/6/13,,,,,9.65613842,,,,,6.82922554
2016/6/14,,,,,9.675460815,,,,,6.82922554
2016/6/15,,,,,9.670630455,,,,,6.83610487
2016/6/16,,,,,9.583680153,,,,,6.849859238
2016/6/17,,,,,9.699612617,,,,,6.877369404
2016/6/20,,,,,9.728596687,,,,,6.884245872
2016/6/21,,,,,9.699612617,,,,,6.904878616
2016/6/22,,,,,9.844525337,,,,,6.939264297
2016/6/23,,,,,9.414613724,,,,,6.898001194
2016/6/24,,,,,9.144106865,,,,,6.898001194
2016/6/27,,,,,9.322834969,,,,,6.932388783
2016/6/28,,,,,9.511222839,,,,,7.001160622
2016/6/29,,,,,9.660968781,,,,,7.048798084
2016/6/30,,,,,9.685121536,,,,,7.097124577
2016/7/1,,,,,9.607832909,,,,,7.110934734
2016/7/5,,,,,9.607832909,,,,,7.110934734
2016/7/6,,,,,9.641646385,,,,,7.124740601
2016/7/7,,,,,9.825204849,,,,,7.159255981
2016/7/8,,,,,9.945965767,,,,,7.200684071
2016/7/11,,,,,10.0474062,,,,,7.193777084
2016/7/12,,,,,10.00393295,,,,,7.200684071
2016/7/13,,,,,10.08122158,,,,,7.200684071
2016/7/14,,,,,10.07639027,,,,,7.193777084
2016/7/15,,,,,10.27444172,,,,,7.186872959
2016/7/18,,,,,10.26477909,,,,,7.193777084
2016/7/19,,,,,10.35172939,,,,,7.193777084
2016/7/20,,,,,10.28410244,,,,,7.193777084
2016/7/21,,,,,10.31308365,,,,,7.200684071
2016/7/22,,,,,10.28893185,,,,,7.193777084
2016/7/25,,,,,10.33240509,,,,,7.159255981
2016/7/26,,,,,10.39520168,,,,,7.159255981
2016/7/27,,,,,10.43384552,,,,,7.159255981
2016/7/28,,,,,10.45799828,,,,,7.185586452
2016/7/29,,,,,10.50630379,,,,,7.185586452
2016/8/1,,,,,10.40486336,,,,,7.164801598
2016/8/2,,,,,10.42901611,,,,,7.144018173
2016/8/3,,,,,10.46765804,,,,,7.192519188
2016/8/4,,,,,10.57875919,,,,,7.213308334
2016/8/5,,,,,10.57875919,,,,,7.241021156
2016/8/8,,,,,10.62223339,,,,,7.254883289
2016/8/9,,,,,10.62223339,,,,,7.261806965
2016/8/10,,,,,10.66088009,,,,,7.261806965
2016/8/11,,,,,10.67053986,,,,,7.282597542
2016/8/12,,,,,10.70918465,,,,,7.303384781
2016/8/15,,,,,10.63672733,,,,,7.310315609
2016/8/16,,,,,10.63189507,,,,,7.303384781
2016/8/17,,,,,10.66088009,,,,,7.317249298
2016/8/18,,,,,10.67536926,,,,,7.317249298
2016/8/19,,,,,10.65604782,,,,,7.303384781
2016/8/22,,,,,10.70918465,,,,,7.317249298
2016/8/23,,,,,10.65604782,,,,,7.303384781
2016/8/24,,,,,10.69469357,,,,,7.289526939
2016/8/25,,,,,10.69469357,,,,,7.303384781
2016/8/26,,,,,10.72367477,,,,,7.310315609
2016/8/29,,,,,10.71401405,,,,,7.317249298
2016/8/30,,,,,10.70918465,,,,,7.322803974
2016/8/31,,,,,10.74299622,,,,,7.301945686
2016/9/1,,,,,10.81062222,,,,,7.315853596
2016/9/2,,,,,10.88791275,,,,,7.350624084
2016/9/6,,,,,10.89274216,,,,,7.385397911
2016/9/7,,,,,10.82994556,,,,,7.385397911
2016/9/8,,,,,10.54977703,,,,,7.329761028
2016/9/9,,,,,10.64155769,,,,,7.29499054
2016/9/12,,,,,10.52562618,,,,,7.281083584
2016/9/13,,,,,10.54011631,,,,,7.246310711
2016/9/14,,,,,10.69469357,,,,,7.23935461
2016/9/15,,,,,10.66088009,,,,,7.232405186
2016/9/16,,,,,10.68503189,,,,,7.23935461
2016/9/19,,,,,10.69469357,,,,,7.253269196
2016/9/20,,,,,10.84443665,,,,,7.29499054
2016/9/21,,,,,10.95070744,,,,,7.350624084
2016/9/22,,,,,10.89274216,,,,,7.336717606
2016/9/23,,,,,10.79613113,,,,,7.301945686
2016/9/26,,,,,10.90240479,,,,,7.308901787
2016/9/27,,,,,10.96036816,,,,,7.322803974
2016/9/28,,,,,10.90240479,,,,,7.329761028
2016/9/29,,,,,10.93138504,,,,,7.35280323
2016/9/30,,,,,10.93138504,,,,,7.373751163
2016/10/3,,,,,10.9120636,,,,,7.366771698
2016/10/4,,,,,10.94104862,,,,,7.35280323
2016/10/5,,,,,10.97002983,,,,,7.345821857
2016/10/6,,,,,10.9362154,,,,,7.345821857
2016/10/7,,,,,10.99901199,,,,,7.331859589
2016/10/10,,,,,10.82028484,,,,,7.324873924
2016/10/11,,,,,10.81545448,,,,,7.31788969
2016/10/12,,,,,10.74782753,,,,,7.324873924
2016/10/13,,,,,10.78647137,,,,,7.310910702
2016/10/14,,,,,10.75265884,,,,,7.296940804
2016/10/17,,,,,10.87825108,,,,,7.289960384
2016/10/18,,,,,10.93138504,,,,,7.310910702
2016/10/19,,,,,10.9362154,,,,,7.338840961
2016/10/20,,,,,10.97002983,,,,,7.35280323
2016/10/21,,,,,11.07146931,,,,,7.35978651
2016/10/24,,,,,11.00867367,,,,,7.366771698
2016/10/25,,,,,10.93138504,,,,,7.331859589
2016/10/26,,,,,10.84926796,,,,,7.296940804
2016/10/27,,,,,10.85409832,,,,,7.269008636
2016/10/28,,,,,10.87825108,,,,,7.303359032
2016/10/31,,,,,10.80096436,,,,,7.275321484
2016/11/1,,,,,10.6898613,,,,,7.268311977
2016/11/2,,,,,10.65121746,,,,,7.268311977
2016/11/3,,,,,10.60774422,,,,,7.268311977
2016/11/4,,,,,10.85409832,,,,,7.303359032
2016/11/7,,,,,10.90723324,,,,,7.331393242
2016/11/8,,,,,10.84443665,,,,,7.240273476
2016/11/9,,,,,10.66088009,,,,,7.107107639
2016/11/10,,,,,10.67053986,,,,,7.044023037
2016/11/11,,,,,10.54977703,,,,,6.910850048
2016/11/14,,,,,10.66571045,,,,,6.980945587
2016/11/15,,,,,10.73816681,,,,,6.987953186
2016/11/16,,,,,10.83477592,,,,,6.994960308
2016/11/17,,,,,10.79130173,,,,,6.959917068
2016/11/18,,,,,10.87825108,,,,,6.973938465
2016/11/21,,,,,10.91689587,,,,,6.987953186
2016/11/22,,,,,10.88308048,,,,,6.966928005
2016/11/23,,,,,10.90723324,,,,,6.959917068
2016/11/25,,,,,10.88791275,,,,,6.973938465
2016/11/28,,,,,10.88791275,,,,,6.973938465
2016/11/29,,,,,10.78647137,,,,,7.002793312
2016/11/30,,,,,10.54494762,,,,,6.960559845
2016/12/1,,,,,10.53045654,,,,,6.967599392
2016/12/2,,,,,10.63189507,,,,,7.002793312
2016/12/5,,,,,10.67536926,,,,,7.037980556
2016/12/6,,,,,10.82994556,,,,,7.080208778
2016/12/7,,,,,10.88308048,,,,,7.080208778
2016/12/8,,,,,10.90723324,,,,,7.073168755
2016/12/9,,,,,10.85892868,,,,,7.059096813
2016/12/12,,,,,10.96520138,,,,,7.073168755
2016/12/13,,,,,10.89757252,,,,,7.087247849
2016/12/14,,,,,10.9120636,,,,,7.037980556
2016/12/15,,,,,10.84443665,,,,,7.059096813
2016/12/16,,,,,10.90084743,,,,,7.066128254
2016/12/19,,,,,10.94658661,,,,,7.073168755
2016/12/20,,,,,10.90592957,,,,,7.09428215
2016/12/21,,,,,10.8347826,,,,,7.09428215
2016/12/22,,,,,10.83986378,,,,,7.101321697
2016/12/23,,,,,10.88560104,,,,,7.101321697
2016/12/27,,,,,10.79920769,,,,,7.108361244
2016/12/28,,,,,10.8093729,,,,,7.115395546
2016/12/29,,,,,10.73314285,,,,,7.145792007
2016/12/30,,,,,10.82461834,,,,,7.159929276
2017/1/3,,,,,10.92625713,,,,,7.181134701
2017/1/4,,,,,10.96691418,,,,,7.216470718
2017/1/5,,,,,11.05330849,,,,,7.237672806
2017/1/6,,,,,11.08888054,,,,,7.223540306
2017/1/9,,,,,11.11937141,,,,,7.216470718
2017/1/10,,,,,11.23117542,,,,,7.202336788
2017/1/11,,,,,11.22609425,,,,,7.230607033
2017/1/12,,,,,11.27691555,,,,,7.230607033
2017/1/13,,,,,11.18035603,,,,,7.258881092
2017/1/17,,,,,11.23625755,,,,,7.244742393
2017/1/18,,,,,11.2108469,,,,,7.202336788
2017/1/19,,,,,11.26166821,,,,,7.209403992
2017/1/20,,,,,11.30740547,,,,,7.209403992
2017/1/23,,,,,11.42937183,,,,,7.223540306
2017/1/24,,,,,11.52084827,,,,,7.209403992
2017/1/25,,,,,11.50051975,,,,,7.202336788
2017/1/26,,,,,11.52593136,,,,,7.223540306
2017/1/27,,,,,11.45986557,,,,,7.216470718
2017/1/30,,,,,11.41920948,,,,,7.242717743
2017/1/31,,,,,11.43953896,,,,,7.24981308
2017/2/1,,,,,11.47511101,,,,,7.278182507
2017/2/2,,,,,11.54625797,,,,,7.292373657
2017/2/3,,,,,11.53609657,,,,,7.299467087
2017/2/6,,,,,11.54625797,,,,,7.299467087
2017/2/7,,,,,11.55134201,,,,,7.306560516
2017/2/8,,,,,11.65297985,,,,,7.320748329
2017/2/9,,,,,11.68855572,,,,,7.334937096
2017/2/10,,,,,11.72921085,,,,,7.349124432
2017/2/13,,,,,11.73429298,,,,,7.342030048
2017/2/14,,,,,11.79527473,,,,,7.320748329
2017/2/15,,,,,11.81560326,,,,,7.320748329
2017/2/16,,,,,11.83593178,,,,,7.320748329
2017/2/17,,,,,11.91216183,,,,,7.342030048
2017/2/21,,,,,11.92740822,,,,,7.356219292
2017/2/22,,,,,11.88166904,,,,,7.37040329
2017/2/23,,,,,11.90199757,,,,,7.377499104
2017/2/24,,,,,11.88166904,,,,,7.377499104
2017/2/27,,,,,11.80035686,,,,,7.404551983
2017/2/28,,,,,11.95790005,,,,,7.397429466
2017/3/1,,,,,11.86642361,,,,,7.383196831
2017/3/2,,,,,11.86642361,,,,,7.39031601
2017/3/3,,,,,11.85117817,,,,,7.39031601
2017/3/6,,,,,11.86642361,,,,,7.39031601
2017/3/7,,,,,11.87150669,,,,,7.354715347
2017/3/8,,,,,11.87150669,,,,,7.311999798
2017/3/9,,,,,11.93757057,,,,,7.326235771
2017/3/10,,,,,12.01380062,,,,,7.311999798
2017/3/13,,,,,11.9833107,,,,,7.283519268
2017/3/14,,,,,12.05445766,,,,,7.319116592
2017/3/15,,,,,12.0951128,,,,,7.354715347
2017/3/16,,,,,12.12052345,,,,,7.361838341
2017/3/17,,,,,12.1459322,,,,,7.376076698
2017/3/20,,,,,11.96298122,,,,,7.383196831
2017/3/21,,,,,12.03412914,,,,,7.383196831
2017/3/22,,,,,12.00363636,,,,,7.397429466
2017/3/23,,,,,12.02904701,,,,,7.411672592
2017/3/24,,,,,12.05953789,,,,,7.418792725
2017/3/27,,,,,12.11035824,,,,,7.425912857
2017/3/28,,,,,12.17134476,,,,,7.433033466
2017/3/29,,,,,12.17134476,,,,,7.440154552
2017/3/30,,,,,12.16117859,,,,,7.452300072
2017/3/31,,,,,12.13576603,,,,,7.459445477
2017/4/3,,,,,12.13068771,,,,,7.459445477
2017/4/4,,,,,12.12560749,,,,,7.473732948
2017/4/5,,,,,12.14084911,,,,,7.480882645
2017/4/6,,,,,12.16626072,,,,,7.480882645
2017/4/7,,,,,12.17134476,,,,,7.473732948
2017/4/10,,,,,12.1459322,,,,,7.480882645
2017/4/11,,,,,12.12560749,,,,,7.488024235
2017/4/12,,,,,12.09003067,,,,,7.502314091
2017/4/13,,,,,12.20183563,,,,,7.509459496
2017/4/17,,,,,12.21708107,,,,,7.516607285
2017/4/18,,,,,12.23232555,,,,,7.516607285
2017/4/19,,,,,12.32380104,,,,,7.516607285
2017/4/20,,,,,12.32888508,,,,,7.523749828
2017/4/21,,,,,12.4864254,,,,,7.530896664
2017/4/24,,,,,12.57281876,,,,,7.523749828
2017/4/25,,,,,12.55249119,,,,,7.516607285
2017/4/26,,,,,12.68462276,,,,,7.523749828
2017/4/27,,,,,12.69478607,,,,,7.568905354
2017/4/28,,,,,12.80150795,,,,,7.561737061
2017/5/1,,,,,12.83708191,,,,,7.576068878
2017/5/2,,,,,12.80150795,,,,,7.583239079
2017/5/3,,,,,12.83200073,,,,,7.561737061
2017/5/4,,,,,12.89298534,,,,,7.554574013
2017/5/5,,,,,12.9285574,,,,,7.554574013
2017/5/8,,,,,12.98445988,,,,,7.540234089
2017/5/9,,,,,12.99462223,,,,,7.561737061
2017/5/10,,,,,12.98445988,,,,,7.568905354
2017/5/11,,,,,13.0301981,,,,,7.583239079
2017/5/12,,,,,13.1165905,,,,,7.590410233
2017/5/15,,,,,13.20298576,,,,,7.597576618
2017/5/16,,,,,12.89298534,,,,,7.590410233
2017/5/17,,,,,12.95904922,,,,,7.540234089
2017/5/18,,,,,13.03527832,,,,,7.554574013
2017/5/19,,,,,13.16741085,,,,,7.554574013
2017/5/22,,,,,13.16741085,,,,,7.568905354
2017/5/23,,,,,13.24872398,,,,,7.590410233
2017/5/24,,,,,13.38085365,,,,,7.590410233
2017/5/25,,,,,13.39609814,,,,,7.597576618
2017/5/26,,,,,13.40118217,,,,,7.604738235
2017/5/30,,,,,13.35022163,,,,,7.622722149
2017/5/31,,,,,13.45107937,,,,,7.622722149
2017/6/1,,,,,13.55193615,,,,,7.644293308
2017/6/2,,,,,13.58378506,,,,,7.651485443
2017/6/5,,,,,13.55193615,,,,,7.658676147
2017/6/6,,,,,13.5678587,,,,,7.644293308
2017/6/7,,,,,13.65279102,,,,,7.637103558
2017/6/8,,,,,13.34491253,,,,,7.629910946
2017/6/9,,,,,13.19628429,,,,,7.629910946
2017/6/12,,,,,13.31306458,,,,,7.622722149
2017/6/13,,,,,13.29183388,,,,,7.644293308
2017/6/14,,,,,13.24405956,,,,,7.622722149
2017/6/15,,,,,13.24936581,,,,,7.615533829
2017/6/16,,,,,13.46169472,,,,,7.615533829
2017/6/19,,,,,13.38737869,,,,,7.586763382
2017/6/20,,,,,13.45638657,,,,,7.572380066
2017/6/21,,,,,13.47761917,,,,,7.572380066
2017/6/22,,,,,13.57847691,,,,,7.579572678
2017/6/23,,,,,13.53070068,,,,,7.601149559
2017/6/26,,,,,13.32898903,,,,,7.586763382
2017/6/27,,,,,13.44046116,,,,,7.579572678
2017/6/28,,,,,13.2334404,,,,,7.558000088
2017/6/29,,,,,13.2228241,,,,,7.5782094
2017/6/30,,,,,13.11135197,,,,,7.5782094
2017/7/3,,,,,13.21220779,,,,,7.556562424
2017/7/5,,,,,13.11135197,,,,,7.527689934
2017/7/6,,,,,13.25998211,,,,,7.520471096
2017/7/7,,,,,13.34491253,,,,,7.542123318
2017/7/10,,,,,13.40330315,,,,,7.549337864
2017/7/11,,,,,13.58909416,,,,,7.570995331
2017/7/12,,,,,13.59971142,,,,,7.585425854
2017/7/13,,,,,13.69525719,,,,,7.599858284
2017/7/14,,,,,13.68464184,,,,,7.607078075
2017/7/17,,,,,13.78549862,,,,,7.621516705
2017/7/18,,,,,13.90228081,,,,,7.635949612
2017/7/19,,,,,13.91820335,,,,,7.635949612
2017/7/20,,,,,13.8916626,,,,,7.650382519
2017/7/21,,,,,13.95005417,,,,,7.628731251
2017/7/24,,,,,13.95536137,,,,,7.621516705
2017/7/25,,,,,14.0349865,,,,,7.635949612
2017/7/26,,,,,13.93943691,,,,,7.635949612
2017/7/27,,,,,13.90758801,,,,,7.628731251
2017/7/28,,,,,13.87042809,,,,,7.651894569
2017/7/31,,,,,13.90758801,,,,,7.659136772
2017/8/1,,,,,13.81734848,,,,,7.666377544
2017/8/2,,,,,13.78019047,,,,,7.69533205
2017/8/3,,,,,13.79611206,,,,,7.68809557
2017/8/4,,,,,13.88635349,,,,,7.68809557
2017/8/7,,,,,13.85450554,,,,,7.68809557
2017/8/8,,,,,13.78549862,,,,,7.680854321
2017/8/9,,,,,13.47231197,,,,,7.659136772
2017/8/10,,,,,13.55193615,,,,,7.651894569
2017/8/11,,,,,13.75895596,,,,,7.673613071
2017/8/14,,,,,13.74834061,,,,,7.666377544
2017/8/15,,,,,13.84389019,,,,,7.680854321
2017/8/16,,,,,13.65279102,,,,,7.680854321
2017/8/17,,,,,13.67402554,,,,,7.680854321
2017/8/18,,,,,13.68995094,,,,,7.68809557
2017/8/21,,,,,13.84919739,,,,,7.68809557
2017/8/22,,,,,13.85450554,,,,,7.68809557
2017/8/23,,,,,13.83857918,,,,,7.709807873
2017/8/24,,,,,13.78549862,,,,,7.717049599
2017/8/25,,,,,13.78019047,,,,,7.709807873
2017/8/28,,,,,13.82265663,,,,,7.709807873
2017/8/29,,,,,13.97659492,,,,,7.724287033
2017/8/30,,,,,14.08276176,,,,,7.771498203
2017/8/31,,,,,14.0615263,,,,,7.771498203
2017/9/1,,,,,13.96597767,,,,,7.793290615
2017/9/5,,,,,13.96066952,,,,,7.793290615
2017/9/6,,,,,14.0562191,,,,,7.807814121
2017/9/7,,,,,14.00844479,,,,,7.81507349
2017/9/8,,,,,14.22608185,,,,,7.807814121
2017/9/11,,,,,14.26324081,,,,,7.793290615
2017/9/12,,,,,14.26324081,,,,,7.793290615
2017/9/13,,,,,14.23139,,,,,7.793290615
2017/9/14,,,,,14.25793076,,,,,7.800553322
2017/9/15,,,,,14.36409473,,,,,7.793290615
2017/9/18,,,,,14.36940289,,,,,7.77876091
2017/9/19,,,,,14.30570602,,,,,7.76423645
2017/9/20,,,,,14.25793076,,,,,7.75697279
2017/9/21,,,,,14.26324081,,,,,7.76423645
2017/9/22,,,,,14.0562191,,,,,7.76423645
2017/9/25,,,,,14.01375294,,,,,7.76423645
2017/9/26,,,,,14.16238308,,,,,7.727921486
2017/9/27,,,,,14.17299938,,,,,7.742445946
2017/9/28,,,,,14.31101227,,,,,7.783260822
2017/9/29,,,,,14.34817219,,,,,7.783260822
2017/10/2,,,,,14.43310452,,,,,7.790539742
2017/10/3,,,,,14.46495056,,,,,7.797832012
2017/10/4,,,,,14.56581116,,,,,7.797832012
2017/10/5,,,,,14.64012527,,,,,7.783260822
2017/10/6,,,,,14.64012527,,,,,7.775965691
2017/10/9,,,,,14.65605068,,,,,7.783260822
2017/10/10,,,,,14.7409811,,,,,7.783260822
2017/10/11,,,,,14.7675209,,,,,7.790539742
2017/10/12,,,,,14.79937172,,,,,7.797832012
2017/10/13,,,,,14.80998707,,,,,7.797832012
2017/10/16,,,,,14.76221371,,,,,7.812407494
2017/10/17,,,,,14.78875446,,,,,7.812407494
2017/10/18,,,,,14.77283096,,,,,7.819694042
2017/10/19,,,,,14.88430405,,,,,7.790539742
2017/10/20,,,,,14.77813911,,,,,7.790539742
2017/10/23,,,,,14.79937172,,,,,7.783260822
2017/10/24,,,,,14.7409811,,,,,7.768680096
2017/10/25,,,,,14.75690556,,,,,7.746818066
2017/10/26,,,,,15.09132481,,,,,7.768680096
2017/10/27,,,,,15.13910103,,,,,7.790539742
2017/10/30,,,,,15.25588036,,,,,7.808088779
2017/10/31,,,,,15.28242207,,,,,7.808088779
2017/11/1,,,,,15.35673618,,,,,7.822714329
2017/11/2,,,,,15.40451145,,,,,7.771538734
2017/11/3,,,,,15.49475098,,,,,7.764226913
2017/11/6,,,,,15.44166946,,,,,7.727674007
2017/11/7,,,,,15.52660084,,,,,7.720366478
2017/11/8,,,,,15.42574215,,,,,7.713048935
2017/11/9,,,,,15.44697762,,,,,7.705740929
2017/11/10,,,,,15.46820831,,,,,7.705740929
2017/11/13,,,,,15.44697762,,,,,7.705740929
2017/11/14,,,,,15.34081078,,,,,7.705740929
2017/11/15,,,,,15.52129173,,,,,7.720366478
2017/11/16,,,,,15.50536633,,,,,7.734980583
2017/11/17,,,,,15.5637579,,,,,7.734980583
2017/11/20,,,,,15.7230072,,,,,7.734980583
2017/11/21,,,,,15.66992378,,,,,7.749607086
2017/11/22,,,,,15.76016331,,,,,7.749607086
2017/11/24,,,,,15.68584728,,,,,7.764226913
2017/11/27,,,,,15.74423885,,,,,7.771538734
2017/11/28,,,,,15.36735344,,,,,7.749607086
2017/11/29,,,,,15.38327789,,,,,7.767945766
2017/11/30,,,,,15.27180386,,,,,7.760603905
2017/12/1,,,,,15.01700878,,,,,7.767945766
2017/12/4,,,,,15.03824139,,,,,7.782608986
2017/12/5,,,,,15.08601761,,,,,7.789946079
2017/12/6,,,,,15.2187233,,,,,7.775273323
2017/12/7,,,,,15.28773117,,,,,7.775273323
2017/12/8,,,,,15.38327789,,,,,7.775273323
2017/12/11,,,,,15.31427002,,,,,7.775273323
2017/12/12,,,,,15.36735344,,,,,7.782608986
2017/12/13,,,,,15.34611988,,,,,7.789946079
2017/12/14,,,,,15.48413563,,,,,7.789946079
2017/12/15,,,,,15.56906509,,,,,7.79728508
2017/12/18,,,,,15.53422832,,,,,7.789946079
2017/12/19,,,,,15.4789238,,,,,7.775273323
2017/12/20,,,,,15.47339439,,,,,7.775273323
2017/12/21,,,,,15.46233368,,,,,7.775273323
2017/12/22,,,,,15.38491154,,,,,7.775273323
2017/12/26,,,,,15.40703297,,,,,7.782608986
2017/12/27,,,,,15.46233368,,,,,7.782608986
2017/12/28,,,,,15.39044285,,,,,7.815732002
2018/1/1,5.844299793,1.825570345,,,15.64482975,,,,,7.815732002
2018/1/2,5.906499863,1.828423142,,,15.79414272,,,,,7.823087215
2018/1/3,5.961100101,1.838787556,,,15.86603737,,,,,7.830451965
2018/1/4,5.956799984,1.845633745,,,16.03194046,,,,,7.837805271
2018/1/7,5.976900101,1.857234359,,,16.12042236,,,,,7.830451965
2018/1/8,5.981200218,1.863319874,,,16.10936165,,,,,7.830451965
2018/1/9,5.992300034,1.864175677,,,16.00428963,,,,,7.808368206
2018/1/10,5.97300005,1.856188297,,,16.09830475,,,,,7.823087215
2018/1/11,5.996799946,1.860942721,,,16.24208641,,,,,7.830451965
2018/1/14,6.029600143,1.865601897,,,16.24208641,,,,,7.830451965
2018/1/15,6.046800137,1.873494148,,,16.15360451,,,,,7.845169067
2018/1/16,6.04309988,1.872067809,,,16.40799332,,,,,7.845169067
2018/1/17,6.029099941,1.874635339,,,16.42458344,,,,,7.830451965
2018/1/18,6.093400002,1.886996508,,,16.50753593,,,,,7.808368206
2018/1/21,6.105800152,1.901544809,,,16.6457901,,,,,7.80100584
2018/1/22,6.159900188,1.91371572,,,16.80063248,,,,,7.815732002
2018/1/23,6.173099995,1.903541446,,,16.66790771,,,,,7.808368206
2018/1/24,6.115600109,1.896885514,,,16.62366676,,,,,7.823087215
2018/1/25,6.096899986,1.909151912,,,16.93335724,,,,,7.830451965
2018/1/28,6.114099979,1.911528826,,,16.93335724,,,,,7.808368206
2018/1/29,6.069499969,1.88937366,,,16.6513195,,,,,7.793654442
2018/1/30,6.058899879,1.891560674,,,16.77851486,,,,,7.827585697
2018/1/31,6.071499825,1.887852311,,,16.67897034,,,,,7.820208073
2018/2/1,6.049600124,1.888517737,,,16.30291939,,,,,7.790700436
2018/2/4,5.970399857,1.854286671,,,15.74990273,,,,,7.761192322
2018/2/5,5.829199791,1.80179882,,,16.03747177,,,,,7.753808975
2018/2/6,5.799399853,1.798660994,,,15.83285332,,,,,7.761192322
2018/2/7,5.83370018,1.813874722,,,15.21347713,,,,,7.702168941
2018/2/8,5.757400036,1.782401204,,,15.45127487,,,,,7.635769367
2018/2/11,5.767499924,1.786584854,,,15.71672153,,,,,7.643148899
2018/2/12,5.819499969,1.802559495,,,15.8107357,,,,,7.628395557
2018/2/13,5.788499832,1.804746389,,,16.13148308,,,,,7.606257439
2018/2/14,5.876599789,1.812733769,,,16.39139938,,,,,7.635769367
2018/2/15,5.876599789,1.812733769,,,16.38034248,,,,,7.672658443
2018/2/18,5.955200195,1.827852488,,,16.38034248,,,,,7.672658443
2018/2/19,5.929900169,1.823953867,,,16.45776367,,,,,7.657907963
2018/2/20,5.994100094,1.840499043,,,16.41352272,,,,,7.650526047
2018/2/21,5.945799828,1.831846118,,,16.38586998,,,,,7.643148899
2018/2/22,6.031199932,1.850102901,,,16.66790771,,,,,7.657907963
2018/2/25,6.079100132,1.862178802,,,16.85040474,,,,,7.680039883
2018/2/26,6.059500217,1.86664784,,,16.64025879,,,,,7.680039883
2018/2/27,6.027299881,1.845158219,,,16.59048843,,,,,7.691868782
2018/2/28,6.016799927,1.844302654,,,16.44117355,,,,,7.684473515
2018/3/1,5.965400219,1.829659224,,,16.66237831,,,,,7.677082062
2018/3/4,5.906000137,1.813779712,,,16.82828331,,,,,7.677082062
2018/3/5,6.00330019,1.826996684,,,17.00524902,,,,,7.684473515
2018/3/6,5.94659996,1.818629146,,,17.11585426,,,,,7.677082062
2018/3/7,6.004600048,1.837075949,,,17.21539497,,,,,7.677082062
2018/3/8,6.015799999,1.847915769,,,17.49190331,,,,,7.684473515
2018/3/11,6.104700089,1.86655283,,,17.55273438,,,,,7.684473515
2018/3/12,6.140399933,1.865031481,,,17.39236259,,,,,7.677082062
2018/3/13,6.112999916,1.85438168,,,17.42554283,,,,,7.684473515
2018/3/14,6.076000214,1.856188297,,,17.42554283,,,,,7.677082062
2018/3/15,6.075300217,1.853811264,,,17.39236259,,,,,7.669680595
2018/3/18,6.038499832,1.841925383,,,17.11032295,,,,,7.6474967
2018/3/19,6.070000172,1.848676682,,,17.26516533,,,,,7.640095234
2018/3/20,6.067399979,1.839833498,,,17.22645378,,,,,7.640095234
2018/3/21,6.032700062,1.834508657,,,16.72320938,,,,,7.640095234
2018/3/22,5.916999817,1.796093583,,,16.38034248,,,,,7.625303268
2018/3/25,5.921999931,1.802749634,,,16.95547867,,,,,7.632703781
2018/3/26,5.972099781,1.819104433,,,16.43564224,,,,,7.654889107
2018/3/27,5.870399952,1.795903325,,,16.24208641,,,,,7.662285328
2018/3/28,5.947000027,1.805031657,,,16.54624557,,,,,7.702317238
2018/4/1,5.953400135,1.788866878,,,16.12042236,,,,,7.694904327
2018/4/2,5.915299892,1.800087214,,,16.25867653,,,,,7.702317238
2018/4/3,5.781899929,1.783446908,,,16.40799332,,,,,7.702317238
2018/4/4,5.899400234,1.799897075,,,16.46329498,,,,,7.71714592
2018/4/5,5.934000015,1.795332909,,,16.09830475,,,,,7.7245574
2018/4/8,5.958600044,1.791339278,,,16.21443367,,,,,7.709731579
2018/4/9,5.983399868,1.801608682,,,16.50753593,,,,,7.694904327
2018/4/10,6.013199806,1.808740139,,,16.49647331,,,,,7.702317238
2018/4/11,5.99420023,1.811022162,,,16.61260796,,,,,7.702317238
2018/4/12,6.059899807,1.807504058,,,16.50200462,,,,,7.709731579
2018/4/15,6.039500237,1.801513553,,,16.57942772,,,,,7.694904327
2018/4/16,6.039000034,1.788486719,,,16.90017509,,,,,7.694904327
2018/4/17,6.124499798,1.79932642,,,16.93335724,,,,,7.702317238
2018/4/18,6.19080019,1.808549881,,,16.78957367,,,,,7.680079937
2018/4/19,6.111599922,1.801323295,,,16.59601593,,,,,7.657829285
2018/4/22,6.12130022,1.797424793,,,16.55730629,,,,,7.628185749
2018/4/23,6.094099998,1.805697441,,,16.26420784,,,,,7.628185749
2018/4/24,6.064799786,1.797519922,,,16.21443367,,,,,7.598532677
2018/4/25,6.070499897,1.793621182,,,16.46882439,,,,,7.598532677
2018/4/26,6.083199978,1.795808434,,,16.39139938,,,,,7.598532677
2018/4/29,6.130599976,1.812448502,,,16.34716034,,,,,7.608191967
2018/4/30,6.130599976,1.812448502,,,16.46329498,,,,,7.578472137
2018/5/1,6.095900059,1.823668599,,,16.46329498,,,,,7.541318893
2018/5/2,6.05919981,1.813779712,,,16.50200462,,,,,7.511600971
2018/5/3,6.011600018,1.805317044,,,16.76745224,,,,,7.504173279
2018/5/6,5.997799873,1.814825654,,,16.88911819,,,,,7.504173279
2018/5/7,6.032800198,1.826236129,,,16.98312759,,,,,7.459594727
2018/5/8,6.056000233,1.831846118,,,17.16009521,,,,,7.437304974
2018/5/9,6.055099964,1.840023518,,,17.3149395,,,,,7.504173279
2018/5/10,6.091599941,1.846965075,,,17.28729057,,,,,7.533890724
2018/5/13,6.095399857,1.852004409,,,17.26516533,,,,,7.526465893
2018/5/14,6.061699867,1.854666829,,,17.07714081,,,,,7.481880188
2018/5/15,6.03249979,1.85038805,,,17.18221474,,,,,7.489313602
2018/5/16,6.038799763,1.838692427,,,17.10479164,,,,,7.467023373
2018/5/17,6.041999817,1.844968081,,,17.11032295,,,,,7.437304974
2018/5/20,6.073999882,1.851339102,,,17.16562462,,,,,7.437304974
2018/5/21,6.051199913,1.847250342,,,17.09926224,,,,,7.459594727
2018/5/22,5.98210001,1.836600423,,,17.2375164,,,,,7.496742249
2018/5/23,6.028699875,1.83831203,,,17.27069855,,,,,7.519032001
2018/5/24,5.998700142,1.85038805,,,17.30940628,,,,,7.533890724
2018/5/27,6.004499912,1.861227989,,,17.20433617,,,,,7.541318893
2018/5/29,5.879199982,1.831655979,,,17.32599831,,,,,7.526465893
2018/5/30,5.866899967,1.85162425,,,17.34259033,,,,,7.507099628
2018/5/31,5.869400024,1.853620887,,,17.60803795,,,,,7.484758377
2018/6/3,5.938499928,1.876061559,,,17.77394104,,,,,7.499650955
2018/6/4,5.961599827,1.873969555,,,17.87901497,,,,,7.492203712
2018/6/5,5.937600136,1.874730349,,,18.01173782,,,,,7.47730732
2018/6/6,5.9447999,1.883097887,,,17.78500175,,,,,7.469861984
2018/6/7,5.876399994,1.871021867,,,17.79053307,,,,,7.469861984
2018/6/10,5.860599995,1.878058314,,,17.83477592,,,,,7.447517395
2018/6/11,5.841100216,1.890229464,,,17.95643806,,,,,7.417730808
2018/6/12,5.775800228,1.878343582,,,17.93984413,,,,,7.410279274
2018/6/13,5.708899975,1.864080429,,,18.10021973,,,,,7.410279274
2018/6/14,5.708899975,1.864080429,,,18.08363152,,,,,7.402835846
2018/6/17,5.635900021,1.860182047,,,18.08916092,,,,,7.373046398
2018/6/18,5.58949995,1.846109152,,,17.94537926,,,,,7.350701332
2018/6/19,5.6104002,1.855142355,,,18.0725708,,,,,7.373046398
2018/6/20,5.574500084,1.846774578,,,17.88454628,,,,,7.387938976
2018/6/21,5.548900127,1.863319874,,,17.80712509,,,,,7.425174713
2018/6/24,5.515200138,1.855427742,,,17.37577057,,,,,7.410279274
2018/6/25,5.538899899,1.845824003,,,17.47531319,,,,,7.402835846
2018/6/26,5.489699841,1.830325007,,,17.19327736,,,,,7.402835846
2018/6/27,5.492599964,1.816061616,,,17.38130188,,,,,7.395390034
2018/6/28,5.530499935,1.838502288,,,17.44213295,,,,,7.421521187
2018/7/1,5.474699974,1.810831904,,,17.52508545,,,,,7.406587601
2018/7/2,5.468599796,1.801703691,,,17.39236259,,,,,7.428983212
2018/7/3,5.489799976,1.795428038,,,17.39236259,,,,,7.428983212
2018/7/4,5.506999969,1.789722919,,,17.5748558,,,,,7.458851814
2018/7/5,5.337600231,1.788011074,,,17.79606438,,,,,7.496183395
2018/7/8,5.400800228,1.807694077,,,17.90666771,,,,,7.518580914
2018/7/9,5.479800224,1.809786081,,,17.91219521,,,,,7.518580914
2018/7/10,5.425499916,1.805602193,,,17.81265068,,,,,7.511115074
2018/7/11,5.448500156,1.821006179,,,18.09469223,,,,,7.518580914
2018/7/12,5.467599869,1.846109152,,,18.13340378,,,,,7.540982246
2018/7/15,5.437699795,1.838502288,,,18.08916092,,,,,7.540982246
2018/7/16,5.455800056,1.833652735,,,18.22188568,,,,,7.526047707
2018/7/17,5.462900162,1.838407159,,,18.27165794,,,,,7.533513069
2018/7/18,5.54309988,1.836315155,,,18.17764282,,,,,7.526047707
2018/7/19,5.56400013,1.842115402,,,18.22188568,,,,,7.533513069
2018/7/22,5.590499878,1.838407159,,,18.22741508,,,,,7.518580914
2018/7/23,5.583099842,1.843731999,,,18.16658211,,,,,7.511115074
2018/7/24,5.644299984,1.848010898,,,18.44862175,,,,,7.533513069
2018/7/25,5.649300098,1.850958467,,,18.33248901,,,,,7.555914879
2018/7/26,5.63710022,1.849912763,,,18.08363152,,,,,7.555914879
2018/7/29,5.604300022,1.841449976,,,17.68545914,,,,,7.548445702
2018/7/30,5.60160017,1.840023518,,,17.73522949,,,,,7.559673786
2018/7/31,5.615699768,1.852670193,,,17.82924461,,,,,7.529734612
2018/8/1,5.538700104,1.828137755,,,17.95090675,,,,,7.514763832
2018/8/2,5.494900227,1.820625901,,,17.93984413,,,,,7.529734612
2018/8/5,5.55039978,1.828423142,,,18.04491997,,,,,7.529734612
2018/8/6,5.647399902,1.830705047,,,18.10021973,,,,,7.514763832
2018/8/7,5.639500141,1.835364223,,,18.11128235,,,,,7.499795914
2018/8/8,5.639500141,1.835364223,,,18.18870354,,,,,7.469853878
2018/8/9,5.569699764,1.837361097,,,17.99514961,,,,,7.409977436
2018/8/12,5.494699955,1.81682241,,,17.90666771,,,,,7.342613697
2018/8/13,5.507699966,1.813874722,,,17.91772842,,,,,7.395008087
2018/8/14,5.508600235,1.810641766,,,17.6578083,,,,,7.387524605
2018/8/15,5.478499889,1.791814566,,,17.64674759,,,,,7.409977436
2018/8/16,5.487400055,1.793050766,,,17.66333771,,,,,7.409977436
2018/8/19,5.489699841,1.802749634,,,17.74629211,,,,,7.409977436
2018/8/20,5.492800236,1.820245504,,,17.84030151,,,,,7.417461395
2018/8/21,5.492800236,1.820245504,,,17.96749687,,,,,7.439919472
2018/8/22,5.563499928,1.832701802,,,17.97302818,,,,,7.432432652
2018/8/23,5.513199806,1.822717905,,,18.17211342,,,,,7.424946308
2018/8/26,5.537799835,1.842020392,,,18.35460854,,,,,7.432432652
2018/8/27,5.576600075,1.850197911,,,18.38779068,,,,,7.424946308
2018/8/28,5.565299988,1.851909399,,,18.53710365,,,,,7.409977436
2018/8/29,5.535099983,1.854857206,,,18.44862175,,,,,7.380037785
2018/8/30,5.500800133,1.853906274,,,18.40991211,,,,,7.380786896
2018/9/2,5.477600098,1.844017267,,,18.40991211,,,,,7.380786896
2018/9/3,5.487800121,1.852194786,,,18.37119865,,,,,7.335737228
2018/9/4,5.397099972,1.826141,,,18.0725708,,,,,7.335737228
2018/9/5,5.384799957,1.811687827,,,17.93984413,,,,,7.365774632
2018/9/6,5.367199898,1.816917539,,,17.96749687,,,,,7.365774632
2018/9/9,5.340799809,1.802844882,,,18.00067902,,,,,7.343245506
2018/9/10,5.326399803,1.788581729,,,18.12787056,,,,,7.328231335
2018/9/11,5.340499878,1.788106203,,,18.11128235,,,,,7.350754738
2018/9/12,5.352700233,1.789627671,,,18.26612473,,,,,7.38829565
2018/9/13,5.413000107,1.817012668,,,18.33248901,,,,,7.418331623
2018/9/16,5.372300148,1.794096828,,,18.01726913,,,,,7.418331623
2018/9/17,5.367000103,1.797614932,,,18.09469223,,,,,7.403312683
2018/9/18,5.437699795,1.810261488,,,18.09469223,,,,,7.41081953
2018/9/19,5.437200069,1.812828779,,,18.27165794,,,,,7.433347702
2018/9/20,5.500699997,1.830039501,,,18.21635437,,,,,7.455873966
2018/9/23,5.49849987,1.809120536,,,18.28271675,,,,,7.448362827
2018/9/24,5.530200005,1.821196437,,,18.3269577,,,,,7.448362827
2018/9/25,5.546199799,1.81957984,,,18.29930687,,,,,7.470886707
2018/9/26,5.538099766,1.828803539,,,18.39884949,,,,,7.508431911
2018/9/27,5.56400013,1.824429393,,,18.42097282,,,,,7.528002262
2018/9/30,5.583300114,1.823763728,,,18.37672806,,,,,7.512946606
2018/10/1,5.551599979,1.794477105,,,18.24953461,,,,,7.512946606
2018/10/2,5.597700119,1.789437294,,,18.25506401,,,,,7.505421162
2018/10/3,5.538199902,1.758058667,,,17.83477592,,,,,7.445195675
2018/10/4,5.500800133,1.743035078,,,17.61909676,,,,,7.422610283
2018/10/7,5.450600147,1.724017739,,,17.37024117,,,,,7.415084362
2018/10/8,5.435400009,1.718312621,,,17.320467,,,,,7.415084362
2018/10/9,5.362199783,1.714604378,,,16.5628376,,,,,7.400026321
2018/10/10,5.21420002,1.66068995,,,16.41905212,,,,,7.400026321
2018/10/11,5.263700008,1.689786434,,,16.88911819,,,,,7.415084362
2018/10/14,5.210599899,1.676569581,,,16.66790771,,,,,7.422610283
2018/10/15,5.194699764,1.680467963,,,17.19327736,,,,,7.437669277
2018/10/16,5.250500202,1.691117764,,,17.17668343,,,,,7.430140018
2018/10/17,5.241300106,1.684937,,,16.75639343,,,,,7.40755415
2018/10/18,5.236899853,1.680563092,,,16.6513195,,,,,7.400026321
2018/10/21,5.246399879,1.69834435,,,16.77298164,,,,,7.384973049
2018/10/22,5.171500206,1.666110039,,,16.69003105,,,,,7.377445221
2018/10/23,5.174900055,1.668297052,,,15.95451927,,,,,7.369918346
2018/10/24,5.142000198,1.640056372,,,16.42458344,,,,,7.369918346
2018/10/25,5.081799984,1.628265381,,,16.00982094,,,,,7.369918346
2018/10/28,5.096199989,1.627409697,,,15.68354034,,,,,7.354859352
2018/10/29,5.070300102,1.629596472,,,16.02087975,,,,,7.339803219
2018/10/30,5.165299892,1.660975218,,,16.4024601,,,,,7.354151249
2018/10/31,5.237800121,1.673716784,,,16.66237831,,,,,7.361700058
2018/11/1,5.353899956,1.72658515,,,16.5628376,,,,,7.376800537
2018/11/4,5.238500118,1.701387167,,,16.43011093,,,,,7.384351254
2018/11/5,5.238500118,1.701387167,,,16.49094391,,,,,7.384351254
2018/11/6,5.26639986,1.708138227,,,16.93335724,,,,,7.391903877
2018/11/7,5.296500206,1.716220737,,,16.82828331,,,,,7.376800537
2018/11/8,5.261600018,1.701672554,,,16.49647331,,,,,7.369255066
2018/11/11,5.247000217,1.698534608,,,16.0540638,,,,,7.361700058
2018/11/12,5.21750021,1.697964072,,,16.10936165,,,,,7.339047909
2018/11/13,5.198599815,1.6941607,,,16.08724213,,,,,7.339047909
2018/11/14,5.210499763,1.6941607,,,16.4024601,,,,,7.323950768
2018/11/15,5.247000217,1.706807137,,,16.3195076,,,,,7.323950768
2018/11/18,5.226900101,1.712036848,,,15.68907166,,,,,7.316400051
2018/11/19,5.157000065,1.685983181,,,15.50657749,,,,,7.271093369
2018/11/20,5.177400112,1.683701038,,,15.71119213,,,,,7.278646469
2018/11/21,5.169700146,1.698819876,,,15.71119213,,,,,7.278646469
2018/11/22,5.194499969,1.699390292,,,15.66694832,,,,,7.271093369
2018/11/25,5.269999981,1.715555072,,,16.00982094,,,,,7.248443127
2018/11/26,5.27159977,1.720689774,,,15.98769951,,,,,7.233342648
2018/11/27,5.289800167,1.734952688,,,16.55730629,,,,,7.248443127
2018/11/28,5.323299885,1.738756299,,,16.52412415,,,,,7.278646469
2018/11/29,5.340499878,1.737425089,,,16.6513195,,,,,7.309700489
2018/12/2,5.474199772,1.765761018,,,16.93888664,,,,,7.347578526
2018/12/3,5.430699825,1.761577129,,,16.33057022,,,,,7.347578526
2018/12/4,5.400100231,1.743320346,,,16.33057022,,,,,7.347578526
2018/12/5,5.33589983,1.712702513,,,16.35822105,,,,,7.340003967
2018/12/6,5.32130003,1.720119238,,,15.89368629,,,,,7.362723827
2018/12/9,5.262599945,1.688930869,,,16.04853249,,,,,7.355153561
2018/12/10,5.229199886,1.69710815,,,16.05959129,,,,,7.355153561
2018/12/11,5.280600071,1.713558197,,,16.23655701,,,,,7.377876759
2018/12/12,5.297500134,1.731719851,,,16.19231606,,,,,7.393028736
2018/12/13,5.239299774,1.719263554,,,15.84391403,,,,,7.393028736
2018/12/16,5.292300224,1.718122482,,,15.44021416,,,,,7.400599003
2018/12/17,5.210599899,1.705285788,,,15.56418133,,,,,7.400599003
2018/12/18,5.227200031,1.712131977,,,15.29133415,,,,,7.408174992
2018/12/19,5.198900223,1.700436234,,,15.04221153,,,,,7.393028736
2018/12/20,5.191800117,1.685412526,,,14.64480495,,,,,7.377876759
2018/12/23,5.186699867,1.679897547,,,14.33636665,,,,,7.377876759
2018/12/25,5.120600224,1.675903916,,,15.1786356,,,,,7.377876759
2018/12/26,5.172999859,1.686743736,,,15.29133415,,,,,7.377876759
2018/12/27,5.187699795,1.697393417,,,15.29133415,,,,,7.377876759
2018/12/30,5.207099915,1.700246215,,,15.39216805,,,,,7.405979633
2019/1/1,5.170899868,1.666680455,,,15.38030624,,,,,7.413577557
2019/1/2,5.126399994,1.654794574,,,14.81681347,,,,,7.436364174
2019/1/3,5.186200142,1.654224038,,,15.43962193,,,,,7.466746807
2019/1/6,5.265200138,1.667916417,,,15.71246815,,,,,7.497130871
2019/1/7,5.304200172,1.665539384,,,15.85482311,,,,,7.497130871
2019/1/8,5.354400158,1.686933875,,,16.04463196,,,,,7.519919395
2019/1/9,5.391499996,1.685602665,,,16.1276722,,,,,7.519919395
2019/1/10,5.422699928,1.696823001,,,16.12173843,,,,,7.527515411
2019/1/13,5.372399807,1.682179689,,,15.9497261,,,,,7.535113335
2019/1/14,5.433899879,1.705285788,,,16.21071243,,,,,7.550303936
2019/1/15,5.462200165,1.707377672,,,16.23443794,,,,,7.565497398
2019/1/16,5.440899849,1.710990906,,,16.37086105,,,,,7.565497398
2019/1/17,5.460800171,1.722686648,,,16.57253075,,,,,7.595878601
2019/1/20,5.45179987,1.726775289,,,16.57253075,,,,,7.595878601
2019/1/21,5.398099899,1.716125488,,,16.22257423,,,,,7.603470802
2019/1/22,5.364099979,1.707948208,,,16.21664238,,,,,7.641458035
2019/1/23,5.405900002,1.713558197,,,16.48356056,,,,,7.664241314
2019/1/24,5.429999828,1.719263554,,,16.79792595,,,,,7.664241314
2019/1/27,5.411799908,1.721830726,,,16.64964294,,,,,7.656645298
2019/1/28,5.399199963,1.71327281,,,16.47762871,,,,,7.649046421
2019/1/29,5.395999908,1.710990906,,,16.86910629,,,,,7.649046421
2019/1/30,5.424099922,1.725063801,,,17.08856964,,,,,7.722926617
2019/1/31,5.415400028,1.736283898,,,17.11822701,,,,,7.730545044
2019/2/3,5.404099941,1.740277648,,,17.36734772,,,,,7.730545044
2019/2/4,5.404099941,1.740277648,,,17.48004723,,,,,7.761009216
2019/2/5,5.404099941,1.740277648,,,17.48004723,,,,,7.761009216
2019/2/6,5.433599949,1.753684878,,,17.30210304,,,,,7.73815918
2019/2/7,5.428100109,1.741228461,,,17.34362221,,,,,7.722926617
2019/2/10,5.455200195,1.754065275,,,17.37327957,,,,,7.707700253
2019/2/11,5.445400238,1.755871892,,,17.64019585,,,,,7.715305805
2019/2/12,5.520699978,1.770134926,,,17.62240028,,,,,7.722926617
2019/2/13,5.53000021,1.769374132,,,17.69357872,,,,,7.722926617
2019/2/14,5.48939991,1.752829075,,,17.73509979,,,,,7.722926617
2019/2/17,5.533899784,1.763003349,,,17.73509979,,,,,7.722926617
2019/2/18,5.526299953,1.748550057,,,17.77068901,,,,,7.722926617
2019/2/19,5.558499813,1.768613458,,,17.80034447,,,,,7.722926617
2019/2/20,5.554399967,1.772416949,,,17.76475906,,,,,7.715305805
2019/2/21,5.545800209,1.774413705,,,17.9723568,,,,,7.730545044
2019/2/24,5.568999767,1.786774993,,,18.05539703,,,,,7.745774746
2019/2/25,5.554900169,1.77926302,,,18.07912636,,,,,7.753396034
2019/2/26,5.537000179,1.775935173,,,18.11471558,,,,,7.761009216
2019/2/27,5.478600025,1.76699698,,,18.06726265,,,,,7.776285648
2019/2/28,5.502999783,1.776030302,,,18.23927498,,,,,7.753370762
2019/3/3,5.565100193,1.781450272,,,18.14437294,,,,,7.745731831
2019/3/4,5.552400112,1.776315451,,,18.12064552,,,,,7.738091469
2019/3/5,5.546599865,1.780499101,,,17.99015427,,,,,7.738091469
2019/3/6,5.531700134,1.780594349,,,17.81221008,,,,,7.730453014
2019/3/7,5.486599922,1.759199858,,,17.79441452,,,,,7.730453014
2019/3/10,5.477200031,1.76566577,,,18.16809654,,,,,7.753370762
2019/3/11,5.506700039,1.77774179,,,18.24520683,,,,,7.776285648
2019/3/12,5.477499962,1.771275878,,,18.31045341,,,,,7.776285648
2019/3/13,5.480800152,1.771656156,,,18.31045341,,,,,7.78392458
2019/3/14,5.485899925,1.779548407,,,18.43501282,,,,,7.806843758
2019/3/17,5.508299828,1.796188593,,,18.51212311,,,,,7.822121143
2019/3/18,5.520500183,1.796949387,,,18.58329964,,,,,7.822121143
2019/3/19,5.49669981,1.79932642,,,18.61295509,,,,,7.829756737
2019/3/20,5.505099773,1.803415179,,,18.96291351,,,,,7.8526721
2019/3/21,5.504700184,1.810261488,,,18.51212311,,,,,7.845040798
2019/3/24,5.456999779,1.78164041,,,18.45873833,,,,,7.837402344
2019/3/25,5.475500107,1.796759129,,,18.54178047,,,,,7.8526721
2019/3/26,5.471099854,1.799136281,,,18.38162994,,,,,7.837402344
2019/3/27,5.481699944,1.802559495,,,18.43501282,,,,,7.829756737
2019/3/28,5.512599945,1.815871716,,,18.64261246,,,,,7.868067265
2019/3/31,5.57460022,1.808264613,,,18.89173889,,,,,7.883384705
2019/4/1,5.616399765,1.816156745,,,18.96884537,,,,,7.875725746
2019/4/2,5.659399986,1.825285316,,,19.11120224,,,,,7.875725746
2019/4/3,5.668000221,1.826616287,,,19.02222824,,,,,7.875725746
2019/4/4,5.691699982,1.827852488,,,19.13492584,,,,,7.875725746
2019/4/7,5.686900139,1.829659224,,,19.18237877,,,,,7.868067265
2019/4/8,5.706999779,1.840404034,,,19.1408596,,,,,7.875725746
2019/4/9,5.70909977,1.839262843,,,19.24762535,,,,,7.875725746
2019/4/10,5.711100101,1.827662349,,,19.25948906,,,,,7.86040926
2019/4/11,5.707799911,1.821386695,,,19.38997841,,,,,7.845077991
2019/4/14,5.701300144,1.826996684,,,19.33659554,,,,,7.845077991
2019/4/15,5.712999821,1.829944611,,,19.36625671,,,,,7.845077991
2019/4/16,5.740300179,1.832416534,,,19.34845924,,,,,7.85273695
2019/4/17,5.732900143,1.829754233,,,19.33659554,,,,,7.845077991
2019/4/21,5.744900227,1.824334264,,,19.43743134,,,,,7.845077991
2019/4/22,5.747000217,1.825380206,,,19.66282845,,,,,7.85273695
2019/4/23,5.763299942,1.83146596,,,19.61537743,,,,,7.837421894
2019/4/24,5.747099876,1.817487955,,,19.65689468,,,,,7.822099686
2019/4/25,5.745399952,1.814255238,,,19.75180054,,,,,7.829758644
2019/4/28,5.824699879,1.830895424,,,19.79925346,,,,,7.837421894
2019/4/29,5.793000221,1.831370831,,,19.76366234,,,,,7.868155956
2019/4/30,5.793000221,1.831370831,,,19.56199074,,,,,7.875835896
2019/5/1,5.803299904,1.846489549,,,19.5679245,,,,,7.860471249
2019/5/2,5.818399906,1.846489549,,,19.84077263,,,,,7.875835896
2019/5/5,5.65749979,1.813114166,,,19.69248581,,,,,7.875835896
2019/5/6,5.717199802,1.819104433,,,19.30101013,,,,,7.868155956
2019/5/7,5.664999962,1.79656899,,,19.27728271,,,,,7.860471249
2019/5/8,5.626699924,1.771275878,,,19.13492584,,,,,7.845103264
2019/5/9,5.641900063,1.78297174,,,19.23576164,,,,,7.852786541
2019/5/12,5.574699879,1.776885986,,,18.58923149,,,,,7.829732418
2019/5/13,5.563199997,1.756442428,,,18.82648849,,,,,7.837419987
2019/5/14,5.560500145,1.763478637,,,19.07561302,,,,,7.845103264
2019/5/15,5.5770998,1.768138051,,,19.24169159,,,,,7.852786541
2019/5/16,5.528999805,1.768138051,,,18.99850273,,,,,7.845103264
2019/5/17,5.528999805,1.768138051,,,18.67227364,,,,,7.852786541
2019/5/20,5.490300179,1.766521573,,,18.85021591,,,,,7.868155956
2019/5/21,5.48059988,1.780118942,,,18.86800957,,,,,7.868155956
2019/5/22,5.428199768,1.763573885,,,18.58329964,,,,,7.852786541
2019/5/23,5.454199791,1.761386752,,,18.6010952,,,,,7.860471249
2019/5/26,5.456099987,1.766426325,,,18.6010952,,,,,7.860471249
2019/5/27,5.446899891,1.776600599,,,18.54771233,,,,,7.860471249
2019/5/28,5.43569994,1.772702217,,,18.36383629,,,,,7.860471249
2019/5/29,5.399000168,1.771180868,,,18.47653389,,,,,7.875835896
2019/5/30,5.366600037,1.777551532,,,18.28672791,,,,,7.892794132
2019/6/2,5.366099834,1.778502464,,,17.9723568,,,,,7.892794132
2019/6/3,5.39470005,1.776695848,,,18.37569809,,,,,7.915921211
2019/6/4,5.39470005,1.776695848,,,18.57736778,,,,,7.94674778
2019/6/5,5.39139986,1.774889112,,,18.70192909,,,,,7.95445919
2019/6/6,5.434500217,1.771561384,,,19.00443459,,,,,7.977580547
2019/6/9,5.477700233,1.800182462,,,19.18237877,,,,,7.992997646
2019/6/10,5.52699995,1.814540505,,,19.12306404,,,,,8.008414268
2019/6/11,5.531599998,1.809500813,,,19.0400219,,,,,8.008414268
2019/6/12,5.560200214,1.806933522,,,19.07561302,,,,,8.016120911
2019/6/13,5.573500156,1.799611926,,,18.92139435,,,,,8.008414268
2019/6/16,5.554999828,1.790578485,,,18.96291351,,,,,8.008414268
2019/6/17,5.602200031,1.794857264,,,19.22982979,,,,,8.046949387
2019/6/18,5.685299873,1.826236129,,,19.46115875,,,,,8.077783585
2019/6/19,5.733200073,1.830325007,,,19.69841576,,,,,8.147153854
2019/6/20,5.755099773,1.820055604,,,19.60944557,,,,,8.116319656
2019/6/23,5.741600037,1.817868352,,,19.56199074,,,,,8.116319656
2019/6/24,5.708499908,1.813874722,,,19.18830872,,,,,8.108613968
2019/6/25,5.701099873,1.812828779,,,19.28914642,,,,,8.100904465
2019/6/26,5.743999958,1.82870841,,,19.47895241,,,,,8.108613968
2019/6/27,5.744699955,1.829373956,,,19.55012894,,,,,8.154216766
2019/6/30,5.836900234,1.831180453,,,19.85263634,,,,,8.16967392
2019/7/1,5.825399876,1.840594053,,,19.90008736,,,,,8.185134888
2019/7/2,5.809500217,1.835744739,,,20.0068531,,,,,8.200591087
2019/7/3,5.814400196,1.842971325,,,20.0068531,,,,,8.200591087
2019/7/4,5.787899971,1.851148844,,,19.94160652,,,,,8.185134888
2019/7/7,5.736100197,1.820435762,,,19.80518341,,,,,8.154216766
2019/7/8,5.730500221,1.809595942,,,19.92381287,,,,,8.138759613
2019/7/9,5.748000145,1.81121242,,,20.08989525,,,,,8.138759613
2019/7/10,5.760499954,1.823383331,,,20.14920998,,,,,8.138759613
2019/7/11,5.76609993,1.823003173,,,20.26190567,,,,,8.131029129
2019/7/14,5.763999939,1.830514908,,,20.33901596,,,,,8.146484375
2019/7/15,5.770500183,1.83146596,,,20.17293358,,,,,8.146484375
2019/7/16,5.790800095,1.830229759,,,20.17293358,,,,,8.154216766
2019/7/17,5.767399788,1.830419779,,,20.23817825,,,,,8.161944389
2019/7/18,5.797100067,1.839072704,,,20.10175705,,,,,8.16967392
2019/7/21,5.768700123,1.824049115,,,20.30342674,,,,,8.177405357
2019/7/22,5.786799908,1.83564961,,,20.41019249,,,,,8.192865372
2019/7/23,5.780099869,1.839643359,,,20.67710876,,,,,8.200591087
2019/7/24,5.804299831,1.854096413,,,20.53475571,,,,,8.208322525
2019/7/25,5.794499874,1.847155213,,,20.67117691,,,,,8.208322525
2019/7/28,5.775700092,1.84087944,,,20.53475571,,,,,8.216043472
2019/7/29,5.780499935,1.839072704,,,20.32715416,,,,,8.208322525
2019/7/30,5.704199791,1.821481705,,,20.01278687,,,,,8.239318848
2019/7/31,5.682199955,1.810546637,,,19.87042999,,,,,8.231575012
2019/8/1,5.621399879,1.79932642,,,19.55012894,,,,,8.231575012
2019/8/4,5.523900032,1.754350662,,,18.79683304,,,,,8.192817688
2019/8/5,5.478199959,1.748835444,,,19.07561302,,,,,8.208322525
2019/8/6,5.508500099,1.756537437,,,19.20017242,,,,,8.239318848
2019/8/7,5.503799915,1.772607207,,,19.67469025,,,,,8.262574196
2019/8/8,5.503799915,1.772607207,,,19.42556953,,,,,8.278079987
2019/8/9,5.503799915,1.772607207,,,19.18237877,,,,,8.169561386
2019/8/12,5.466100216,1.743985891,,,19.5560627,,,,,8.130805969
2019/8/13,5.483500004,1.763193607,,,18.98070908,,,,,8.123056412
2019/8/14,5.446499825,1.753304482,,,19.07561302,,,,,8.154064178
2019/8/15,5.430900097,1.761196733,,,19.41370583,,,,,8.177315712
2019/8/18,5.463399887,1.773272634,,,19.62723923,,,,,8.154064178
2019/8/19,5.474999905,1.783732295,,,19.5679245,,,,,8.161815643
2019/8/20,5.454999924,1.784588099,,,19.76366234,,,,,8.169561386
2019/8/21,5.461100101,1.782686234,,,19.69841576,,,,,8.177315712
2019/8/22,5.431900024,1.788866878,,,19.20017242,,,,,8.185065269
2019/8/25,5.359799862,1.773177505,,,19.41963959,,,,,8.185065269
2019/8/26,5.355899811,1.785158515,,,19.38997841,,,,,8.185065269
2019/8/27,5.331999779,1.783256769,,,19.36032295,,,,,8.192817688
2019/8/28,5.392099857,1.783256769,,,19.63910294,,,,,8.192817688
2019/8/29,5.423999786,1.800657749,,,19.65096474,,,,,8.225471497
2019/9/1,5.387800217,1.794001698,,,19.65096474,,,,,8.225471497
2019/9/2,5.398900032,1.780974746,,,19.4670887,,,,,8.248797417
2019/9/3,5.448200226,1.793050766,,,19.73400497,,,,,8.29543972
2019/9/4,5.474899769,1.807598948,,,20.0958271,,,,,8.287669182
2019/9/5,5.495900154,1.813779712,,,20.03057861,,,,,8.29543972
2019/9/8,5.500400066,1.815586209,,,19.85263634,,,,,8.272119522
2019/9/9,5.513899803,1.807028651,,,19.68655396,,,,,8.225471497
2019/9/10,5.588699818,1.815966725,,,19.85856628,,,,,8.209922791
2019/9/11,5.574999809,1.823003173,,,20.01278687,,,,,8.21769619
2019/9/12,5.614900112,1.829849362,,,19.95346832,,,,,8.16327095
2019/9/15,5.600299835,1.824239254,,,19.95346832,,,,,8.147722244
2019/9/16,5.574500084,1.805887461,,,20.08989525,,,,,8.16327095
2019/9/17,5.551099777,1.81263864,,,20.07802963,,,,,8.18659687
2019/9/18,5.539000034,1.810927153,,,20.1195507,,,,,8.202148438
2019/9/19,5.5479002,1.819770098,,,19.95940208,,,,,8.21769619
2019/9/22,5.489699841,1.819104433,,,19.94753838,,,,,8.225471497
2019/9/23,5.519100189,1.823573589,,,19.66875839,,,,,8.202148438
2019/9/24,5.463699818,1.805221796,,,19.8941555,,,,,8.155502319
2019/9/25,5.479700089,1.813589573,,,19.8941555,,,,,8.171048164
2019/9/26,5.472099781,1.810927153,,,19.53233719,,,,,8.178825378
2019/9/29,5.468599796,1.807884216,,,19.71621323,,,,,8.20065403
2019/9/30,5.513299942,1.798185468,,,19.56199074,,,,,8.20065403
2019/10/1,5.438799858,1.785729051,,,19.2535553,,,,,8.192855835
2019/10/2,5.427299976,1.773938298,,,19.55012894,,,,,8.208444595
2019/10/3,5.407599926,1.772226691,,,19.81111526,,,,,8.231832504
2019/10/6,5.437699795,1.776220441,,,19.74587059,,,,,8.231832504
2019/10/7,5.459400177,1.793621182,,,19.38997841,,,,,8.216244698
2019/10/8,5.432600021,1.785729051,,,19.64503288,,,,,8.208444595
2019/10/9,5.4375,1.782115817,,,19.74587059,,,,,8.208444595
2019/10/10,5.482500076,1.793050766,,,20.04837227,,,,,8.192855835
2019/10/13,5.489299774,1.801133156,,,20.04837227,,,,,8.185055733
2019/10/14,5.482500076,1.810356617,,,20.29749489,,,,,8.192855835
2019/10/15,5.520500183,1.826806664,,,20.07802963,,,,,8.185055733
2019/10/16,5.520199776,1.826331019,,,20.0958271,,,,,8.192855835
2019/10/17,5.481800079,1.81948483,,,19.84077263,,,,,8.20065403
2019/10/20,5.512599945,1.816632271,,,20.0068531,,,,,8.185055733
2019/10/21,5.56619978,1.824144244,,,19.72807312,,,,,8.192855835
2019/10/22,5.558000088,1.824144244,,,19.70434952,,,,,8.20065403
2019/10/23,5.601200104,1.825285316,,,20.04244232,,,,,8.208444595
2019/10/24,5.630000114,1.829754233,,,20.16107368,,,,,8.216244698
2019/10/25,5.630000114,1.829754233,,,20.38646698,,,,,8.20065403
2019/10/28,5.642199993,1.847440362,,,20.28563309,,,,,8.20065403
2019/10/29,5.663199902,1.860087037,,,20.41612244,,,,,8.192855835
2019/10/30,5.703000069,1.877868176,,,20.33901596,,,,,8.249941826
2019/10/31,5.708000183,1.879484653,,,20.54068756,,,,,8.249941826
2019/11/3,5.73390007,1.896600366,,,20.65338326,,,,,8.257763863
2019/11/4,5.752099991,1.910958409,,,20.62372589,,,,,8.226481438
2019/11/5,5.778999805,1.906679273,,,20.57627296,,,,,8.23429966
2019/11/6,5.809700012,1.915902972,,,20.61186218,,,,,8.210840225
2019/11/7,5.790999889,1.899928212,,,20.66524506,,,,,8.203022957
2019/11/10,5.722099781,1.882527471,,,20.64151955,,,,,8.195201874
2019/11/11,5.769999981,1.887376785,,,20.7364254,,,,,8.187380791
2019/11/12,5.717100143,1.872733474,,,20.76015091,,,,,8.187380791
2019/11/13,5.724100113,1.873209,,,20.78980827,,,,,8.210840225
2019/11/14,5.732200146,1.873779535,,,20.99147797,,,,,8.210840225
2019/11/17,5.78399992,1.878914118,,,21.06858635,,,,,8.203022957
2019/11/18,5.749499798,1.890039206,,,21.12789917,,,,,8.195201874
2019/11/19,5.731299877,1.883858442,,,21.05079269,,,,,8.203022957
2019/11/20,5.664800167,1.867503643,,,20.95589256,,,,,8.210840225
2019/11/21,5.72329998,1.869215131,,,20.94402504,,,,,8.210840225
2019/11/24,5.707399845,1.883478284,,,21.19907951,,,,,8.218660355
2019/11/25,5.691699982,1.886045575,,,21.29991531,,,,,8.226481438
2019/11/26,5.696100235,1.894793391,,,21.44226837,,,,,8.218660355
2019/11/27,5.673600197,1.889849067,,,21.44226837,,,,,8.218660355
2019/11/28,5.65350008,1.872638464,,,21.32363892,,,,,8.235916138
2019/12/1,5.664899826,1.874254942,,,20.98554611,,,,,8.196699142
2019/12/2,5.63560009,1.862654209,,,20.90250587,,,,,8.204543114
2019/12/3,5.607500076,1.844777822,,,20.9499588,,,,,8.220229149
2019/12/4,5.631999969,1.848581433,,,21.03892899,,,,,8.220229149
2019/12/5,5.668900013,1.861608505,,,21.21687126,,,,,8.228075981
2019/12/8,5.631499767,1.861988544,,,21.13383293,,,,,8.25160408
2019/12/9,5.607699871,1.855427742,,,21.06858635,,,,,8.259449005
2019/12/10,5.626999855,1.859136105,,,21.22280312,,,,,8.282981873
2019/12/11,5.66260004,1.874349833,,,21.43633652,,,,,8.290823936
2019/12/12,5.70510006,1.904587507,,,21.61428261,,,,,8.314352036
2019/12/15,5.694200039,1.903826714,,,21.80408859,,,,,8.322195053
2019/12/16,5.683899879,1.919896364,,,21.84583855,,,,,8.353572845
2019/12/17,5.703999996,1.924555659,,,21.8784523,,,,,8.369257927
2019/12/18,5.698500156,1.912099361,,,22.01543617,,,,,8.361416817
2019/12/19,5.707099915,1.914381504,,,22.13937378,,,,,8.361416817
2019/12/22,5.704899788,1.919706225,,,22.14589882,,,,,8.369257927
2019/12/23,5.714399815,1.91362083,,,22.1198082,,,,,8.377103806
2019/12/25,5.723499775,1.916473508,,,22.2828846,,,,,8.384947777
2019/12/26,5.727399826,1.931497216,,,22.31549835,,,,,8.392794609
2019/12/29,5.728199959,1.918660402,,,22.12632942,,,,,8.392794609
2019/12/30,5.733200073,1.907155156,,,22.15894508,,,,,8.416391373
2020/1/1,5.784800053,1.901734948,,,22.56337738,,,,,8.424254417
2020/1/2,5.763199806,1.901259542,,,22.40029907,,,,,8.432122231
2020/1/5,5.722300053,1.880815864,,,22.49814606,,,,,8.424254417
2020/1/6,5.779200077,1.900498629,,,22.57642365,,,,,8.432122231
2020/1/7,5.766799927,1.891085267,,,22.75254822,,,,,8.439985275
2020/1/8,5.774499893,1.922463655,,,23.02651405,,,,,8.447852135
2020/1/9,5.796800137,1.930641294,,,23.01999474,,,,,8.45571804
2020/1/12,5.790999889,1.938248158,,,23.30700874,,,,,8.45571804
2020/1/13,5.818200111,1.948992848,,,23.1765461,,,,,8.45571804
2020/1/14,5.79090023,1.942432046,,,23.13740921,,,,,8.479310036
2020/1/15,5.829400063,1.948042274,,,23.33309937,,,,,8.495047569
2020/1/16,5.834700108,1.951370239,,,23.40485573,,,,,8.487179756
2020/1/19,5.835700035,1.941290975,,,23.40485573,,,,,8.487179756
2020/1/20,5.783299923,1.917899609,,,23.41137886,,,,,8.487179756
2020/1/21,5.814199924,1.929309964,,,23.42442513,,,,,8.495047569
2020/1/22,5.771399975,1.9192307,,,23.47008514,,,,,8.495047569
2020/1/23,5.779099941,1.920562029,,,23.29396248,,,,,8.495047569
2020/1/24,5.779099941,1.920562029,,,22.85691643,,,,,8.471447945
2020/1/27,5.674499989,1.905253172,,,23.16350174,,,,,8.495047569
2020/1/28,5.676400185,1.906489372,,,23.11783791,,,,,8.518644333
2020/1/29,5.658599854,1.861037731,,,23.1961174,,,,,8.518644333
2020/1/30,5.622600079,1.853811264,,,22.77211571,,,,,8.560460091
2020/2/2,5.552999973,1.843256474,,,23.07870102,,,,,8.560460091
2020/2/3,5.61920023,1.883288026,,,23.61359406,,,,,8.552570343
2020/2/4,5.68200016,1.919420958,,,23.59402466,,,,,8.560460091
2020/2/5,5.731100082,1.946615815,,,23.77014732,,,,,8.57624054
2020/2/6,5.66079998,1.940054655,,,23.62664032,,,,,8.58412838
2020/2/9,5.631899834,1.933493972,,,23.89409065,,,,,8.57624054
2020/2/10,5.655799866,1.94062531,,,23.99193192,,,,,8.58412838
2020/2/11,5.736199856,1.959642649,,,24.25938225,,,,,8.592022896
2020/2/12,5.734300137,1.958882093,,,24.29199791,,,,,8.59991169
2020/2/13,5.738500118,1.964967489,,,24.42245674,,,,,8.615692139
2020/2/16,5.720499992,1.966964126,,,24.42245674,,,,,8.615692139
2020/2/17,5.697199821,1.943383098,,,24.29851913,,,,,8.631468773
2020/2/18,5.730899811,1.957741022,,,24.52682495,,,,,8.639358521
2020/2/19,5.709300041,1.954508305,,,24.31808662,,,,,8.647249222
2020/2/20,5.673299789,1.937772751,,,23.86147308,,,,,8.678808212
2020/2/23,5.597300053,1.901544809,,,22.98085594,,,,,8.670916557
2020/2/24,5.638199806,1.902305603,,,22.43291473,,,,,8.655136108
2020/2/25,5.575099945,1.877297759,,,22.49162102,,,,,8.615692139
2020/2/26,5.566800117,1.874064803,,,21.60448074,,,,,8.536791801
2020/2/27,5.402299881,1.824049115,,,21.60448074,,,,,8.498019218
2020/3/1,5.407000065,1.82205224,,,22.61556053,,,,,8.53758049
2020/3/2,5.423099995,1.828327894,,,21.91758919,,,,,8.616707802
2020/3/3,5.42840004,1.833938003,,,22.78516197,,,,,8.67209053
2020/3/4,5.396500111,1.863129735,,,22.12632942,,,,,8.62461853
2020/3/5,5.302899837,1.81815362,,,21.64362335,,,,,8.585057259
2020/3/8,4.977499962,1.741038203,,,20.13026428,,,,,8.268557549
2020/3/9,5.061999798,1.762242556,,,21.25223541,,,,,8.189433098
2020/3/10,4.962100029,1.754255414,,,20.2542038,,,,,8.039096832
2020/3/11,4.754300117,1.68208456,,,18.44730377,,,,,7.6988554
2020/3/12,4.651000023,1.697393417,,,20.2150631,,,,,7.690943241
2020/3/15,4.410299778,1.596981764,,,17.5797348,,,,,7.508960724
2020/3/16,4.334400177,1.600690246,,,18.6756134,,,,,7.406094074
2020/3/17,4.268400192,1.575111866,,,17.61235046,,,,,7.05794239
2020/3/18,4.076099873,1.519200921,,,18.06244278,,,,,6.899695873
2020/3/19,4.248799801,1.583194375,,,17.58625603,,,,,7.01047039
2020/3/22,3.951299906,1.478503942,,,17.61235046,,,,,6.907607555
2020/3/23,4.186299801,1.525096178,,,19.2431221,,,,,6.994645119
2020/3/24,4.437099934,1.591371655,,,19.19093895,,,,,7.184545517
2020/3/25,4.393700123,1.607346416,,,20.20201683,,,,,7.342795372
2020/3/26,4.452700138,1.615904093,,,19.3214016,,,,,7.303230762
2020/3/29,4.266699791,1.583859921,,,19.99980164,,,,,7.224108696
2020/3/30,4.365499973,1.604969144,,,19.6475563,,,,,7.3034935
2020/3/31,4.282999992,1.572544694,,,18.75389099,,,,,7.224105835
2020/4/1,4.315999985,1.568931222,,,19.04090691,,,,,7.239981174
2020/4/2,4.201700211,1.568550944,,,18.76041412,,,,,7.255862713
2020/4/5,4.325099945,1.608011842,,,20.23463249,,,,,7.247923851
2020/4/6,4.514699936,1.644715309,,,20.08460045,,,,,7.287617207
2020/4/7,4.479700089,1.6389153,,,20.70429611,,,,,7.295552731
2020/4/8,4.54309988,1.655840635,,,20.74995613,,,,,7.398757458
2020/4/12,4.533100128,1.654509425,,,20.77605057,,,,,7.414634228
2020/4/13,4.643799782,1.670864224,,,21.59143639,,,,,7.470201015
2020/4/14,4.57679987,1.668106794,,,21.30442047,,,,,7.44638586
2020/4/15,4.60010004,1.65793252,,,21.66971397,,,,,7.430510044
2020/4/16,4.611400127,1.696062326,,,21.97629738,,,,,7.454325676
2020/4/19,4.6104002,1.687219143,,,21.72842216,,,,,7.430510044
2020/4/20,4.540500164,1.65251255,,,20.93912697,,,,,7.367002487
2020/4/21,4.528999805,1.662591815,,,21.57839203,,,,,7.351125717
2020/4/22,4.516799927,1.671720147,,,21.48706627,,,,,7.367002487
2020/4/23,4.494400024,1.661545873,,,21.78060532,,,,,7.343183994
2020/4/26,4.557499886,1.676569581,,,21.96977425,,,,,7.319367409
2020/4/27,4.585000038,1.690262079,,,21.65666771,,,,,7.319367409
2020/4/28,4.613699913,1.691783428,,,22.45248222,,,,,7.374941826
2020/4/29,4.713600159,1.717646837,,,22.38073158,,,,,7.447425842
2020/4/30,4.713600159,1.717646837,,,21.65666771,,,,,7.447425842
2020/5/3,4.592000008,1.65660131,,,21.8784523,,,,,7.431494713
2020/5/4,4.624599934,1.671244621,,,22.21113014,,,,,7.495213032
2020/5/5,4.651299953,1.694636106,,,22.41986847,,,,,7.48724699
2020/5/6,4.651299953,1.694636106,,,22.78516197,,,,,7.527076244
2020/5/7,4.686399937,1.69568193,,,23.12436104,,,,,7.55096817
2020/5/10,4.725399971,1.713843465,,,23.30700874,,,,,7.590797901
2020/5/11,4.701399803,1.707567811,,,22.84386826,,,,,7.622656345
2020/5/12,4.683300018,1.717742085,,,22.57642365,,,,,7.598760128
2020/5/13,4.620699883,1.703194022,,,22.8112545,,,,,7.57486248
2020/5/14,4.618899822,1.697964072,,,22.94824028,,,,,7.614693642
2020/5/17,4.655700207,1.675618768,,,23.41790581,,,,,7.694345951
2020/5/18,4.744800091,1.697678685,,,23.45051765,,,,,7.726201057
2020/5/19,4.725500107,1.705761194,,,23.9462719,,,,,7.813819885
2020/5/20,4.711100101,1.707567811,,,23.6005497,,,,,7.87754631
2020/5/21,4.622300148,1.670483947,,,23.69839478,,,,,7.853644371
2020/5/25,4.695600033,1.694540858,,,23.71796417,,,,,7.901438236
2020/5/26,4.670400143,1.702147841,,,23.75057983,,,,,7.901438236
2020/5/27,4.661200047,1.698724747,,,23.82233429,,,,,7.901438236
2020/5/28,4.656499863,1.697013259,,,24.11587334,,,,,7.914213181
2020/5/31,4.729899883,1.732100129,,,24.25286102,,,,,7.946152687
2020/6/1,4.83220005,1.746458292,,,24.42897987,,,,,7.97810173
2020/6/2,4.969600201,1.768613458,,,24.70947647,,,,,8.057967186
2020/6/3,4.986400127,1.77507937,,,24.40941048,,,,,8.057967186
2020/6/4,5.059599876,1.785348535,,,24.86602592,,,,,8.097899437
2020/6/7,5.137800217,1.796473861,,,24.97039795,,,,,8.145812035
2020/6/8,5.097700119,1.795523047,,,25.1008606,,,,,8.153800011
2020/6/9,5.115300179,1.801038027,,,25.51181602,,,,,8.161787033
2020/6/10,4.958399773,1.774223685,,,24.28547096,,,,,8.089909554
2020/6/11,4.929800034,1.762147546,,,24.61162758,,,,,8.089909554
2020/6/14,4.823699951,1.71983397,,,24.82689095,,,,,8.057967186
2020/6/15,4.929399967,1.76423955,,,25.29003143,,,,,8.129840851
2020/6/16,4.92840004,1.759389997,,,25.42701721,,,,,8.129840851
2020/6/17,4.915800095,1.769183993,,,25.56399536,,,,,8.129840851
2020/6/18,4.881299973,1.78297174,,,25.51833534,,,,,8.153800011
2020/6/21,4.870600224,1.780594349,,,25.91624451,,,,,8.145812035
2020/6/22,4.884200096,1.797519922,,,26.11846542,,,,,8.161787033
2020/6/23,4.875999928,1.795617938,,,25.56399536,,,,,8.145812035
2020/6/24,4.821400166,1.788296223,,,25.88363075,,,,,8.137827873
2020/6/25,4.836299896,1.79932642,,,25.37483025,,,,,8.137827873
2020/6/28,4.77159977,1.78297174,,,25.51833534,,,,,8.121855736
2020/6/29,4.824800014,1.794762254,,,25.98147964,,,,,8.147465706
2020/6/30,4.856500149,1.784778118,,,26.27501488,,,,,8.171473503
2020/7/1,4.897999763,1.821006179,,,26.42504692,,,,,8.20348835
2020/7/2,4.929800034,1.836505294,,,26.42504692,,,,,8.20348835
2020/7/5,4.990099907,1.859611511,,,27.01212502,,,,,8.243501663
2020/7/6,4.941599846,1.859230995,,,26.79686356,,,,,8.243501663
2020/7/7,4.954999924,1.861893415,,,27.29261971,,,,,8.243501663
2020/7/8,4.93599987,1.881576657,,,27.48831177,,,,,8.235501289
2020/7/9,4.93599987,1.881576657,,,27.50788116,,,,,8.219497681
2020/7/12,4.894999981,1.86113286,,,26.79686356,,,,,8.235501289
2020/7/13,4.868400097,1.84639442,,,27.01864624,,,,,8.219497681
2020/7/14,4.928899765,1.856093168,,,27.01212502,,,,,8.243501663
2020/7/15,4.880000114,1.831941128,,,26.73163223,,,,,8.251504898
2020/7/16,4.876299858,1.854666829,,,26.90123558,,,,,8.275522232
2020/7/19,4.882800102,1.858185172,,,27.68400192,,,,,8.299529076
2020/7/20,4.945600033,1.898216605,,,27.49483681,,,,,8.355555534
2020/7/21,4.873099804,1.877582788,,,27.52092934,,,,,8.38756752
2020/7/22,4.906400204,1.886425853,,,27.0056057,,,,,8.395569801
2020/7/23,4.83039999,1.851053715,,,26.84252357,,,,,8.379564285
2020/7/26,4.823500156,1.856283426,,,27.39698601,,,,,8.395569801
2020/7/27,4.837800026,1.88129127,,,27.07083702,,,,,8.38756752
2020/7/28,4.838200092,1.877392769,,,27.50135803,,,,,8.411578178
2020/7/29,4.756299973,1.876156569,,,27.56658745,,,,,8.411578178
2020/7/30,4.756299973,1.876156569,,,27.85360527,,,,,8.454089165
2020/8/2,4.704199791,1.866077304,,,28.2645607,,,,,8.462106705
2020/8/3,4.779099941,1.877678037,,,28.38197327,,,,,8.49419117
2020/8/4,4.824399948,1.875681162,,,28.52548218,,,,,8.526277542
2020/8/5,4.869800091,1.87720263,,,28.80597878,,,,,8.550339699
2020/8/6,4.856900215,1.865887284,,,28.38849831,,,,,8.550339699
2020/8/7,4.856900215,1.865887284,,,28.15366554,,,,,8.566379547
2020/8/10,4.856500149,1.87596643,,,27.72966766,,,,,8.566379547
2020/8/11,4.892799854,1.873874545,,,28.18628311,,,,,8.550339699
2020/8/12,4.929100037,1.888042331,,,28.32979202,,,,,8.542319298
2020/8/13,4.91989994,1.883193016,,,28.2449894,,,,,8.510234833
2020/8/16,4.895599842,1.887376785,,,28.53853035,,,,,8.49419117
2020/8/17,4.884200096,1.898121715,,,28.78640556,,,,,8.486174583
2020/8/18,4.883200169,1.898311734,,,28.64942169,,,,,8.502214432
2020/8/19,4.843200207,1.864080429,,,28.91034698,,,,,8.486174583
2020/8/20,4.855500221,1.886235833,,,29.06037903,,,,,8.502214432
2020/8/23,4.866700172,1.906584382,,,29.26911736,,,,,8.518258095
2020/8/24,4.901500225,1.910578012,,,29.5626545,,,,,8.49419117
2020/8/25,4.88740015,1.915997982,,,30.48241043,,,,,8.486174583
2020/8/26,4.84679985,1.920847535,,,30.32585526,,,,,8.470129967
2020/8/27,4.877900124,1.922178626,,,30.55416679,,,,,8.462106705
2020/8/30,4.864200115,1.90011847,,,30.52807236,,,,,8.495866776
2020/8/31,4.879399776,1.9192307,,,31.15428925,,,,,8.544091225
2020/9/1,4.890399933,1.929024935,,,31.48696709,,,,,8.592318535
2020/9/2,4.868299961,1.927408218,,,29.92794991,,,,,8.592318535
2020/9/3,4.817900181,1.900879145,,,29.34087181,,,,,8.552134514
2020/9/6,4.80919981,1.885475159,,,29.34087181,,,,,8.552134514
2020/9/7,4.801799774,1.891940951,,,28.19280624,,,,,8.536056519
2020/9/8,4.79610014,1.869975924,,,28.90382576,,,,,8.536056519
2020/9/9,4.767700195,1.876822114,,,28.43416214,,,,,8.528017044
2020/9/10,4.780200005,1.88537991,,,28.23846436,,,,,8.519981384
2020/9/13,4.775899887,1.890324593,,,28.66246605,,,,,8.519981384
2020/9/14,4.777100086,1.904302239,,,29.02123833,,,,,8.528017044
2020/9/15,4.792300224,1.908105731,,,28.69508743,,,,,8.519981384
2020/9/16,4.77120018,1.896409988,,,28.4080658,,,,,8.487832069
2020/9/17,4.779300213,1.893842697,,,28.1210537,,,,,8.463715553
2020/9/20,4.745299816,1.881956816,,,28.2449894,,,,,8.383342743
2020/9/21,4.706200123,1.872448087,,,28.76031685,,,,,8.359226227
2020/9/22,4.737199783,1.890419602,,,28.01016045,,,,,8.311003685
2020/9/23,4.687699795,1.860847592,,,28.09496117,,,,,8.286885262
2020/9/24,4.720799923,1.873589158,,,28.66246605,,,,,8.319041252
2020/9/27,4.737800121,1.887566924,,,29.09951591,,,,,8.319041252
2020/9/28,4.725299835,1.884714365,,,29.11908531,,,,,8.302962303
2020/9/29,4.732500076,1.886140704,,,29.29520607,,,,,8.336829185
2020/9/30,4.793499947,1.895934582,,,29.75182533,,,,,8.352953911
2020/10/1,4.776199818,1.895934582,,,29.20388603,,,,,8.336829185
2020/10/4,4.806300163,1.892891765,,,29.71268654,,,,,8.352953911
2020/10/5,4.824699879,1.909436941,,,29.39305687,,,,,8.377138138
2020/10/6,4.85529995,1.921227694,,,29.96056366,,,,,8.385199547
2020/10/7,4.867400169,1.938818812,,,30.08450317,,,,,8.433574677
2020/10/8,4.85890007,1.93900907,,,30.60634804,,,,,8.465828896
2020/10/11,4.905700207,1.954983592,,,31.23908806,,,,,8.473893166
2020/10/12,4.937699795,1.961829662,,,31.31736565,,,,,8.481956482
2020/10/13,4.921999931,1.963636279,,,30.96512222,,,,,8.465828896
2020/10/14,4.87349987,1.94043529,,,30.78247261,,,,,8.441641808
2020/10/15,4.905900002,1.939389229,,,30.74985886,,,,,8.449703217
2020/10/18,4.915699959,1.952511311,,,30.3976078,,,,,8.441641808
2020/10/19,4.893099785,1.956029654,,,30.46283913,,,,,8.417452812
2020/10/20,4.873799801,1.96068871,,,30.42370224,,,,,8.393266678
2020/10/21,4.874499798,1.95945251,,,30.2736721,,,,,8.377138138
2020/10/22,4.886499882,1.966488838,,,30.46936226,,,,,8.369075775
2020/10/25,4.857699871,1.96354115,,,29.88228416,,,,,8.369075775
2020/10/26,4.839000225,1.956409812,,,30.16930199,,,,,8.393266678
2020/10/27,4.789400101,1.960213304,,,29.13212967,,,,,8.361012459
2020/10/28,4.729100227,1.956029654,,,29.58874702,,,,,8.328762054
2020/10/29,4.68200016,1.932257652,,,28.85163498,,,,,8.336850166
2020/11/1,4.683400154,1.953652263,,,28.91687012,,,,,8.336850166
2020/11/2,4.787499905,1.973905921,,,29.41914558,,,,,8.377281189
2020/11/3,4.813899994,1.976663232,,,30.72376251,,,,,8.474312782
2020/11/4,4.9520998,2.029721498,,,31.48696709,,,,,8.555176735
2020/11/5,4.933499813,2.031908751,,,31.66308975,,,,,8.539004326
2020/11/8,5.008100033,2.059769154,,,31.1673336,,,,,8.595604897
2020/11/9,5.112699986,2.062811852,,,30.34542656,,,,,8.579434395
2020/11/10,5.138899803,2.07260561,,,30.95207405,,,,,8.603692055
2020/11/11,5.126200199,2.075933695,,,30.84117889,,,,,8.619864464
2020/11/12,5.14139986,2.078025579,,,31.06949043,,,,,8.627948761
2020/11/15,5.20909977,2.095141172,,,31.22604179,,,,,8.644123077
2020/11/16,5.243500233,2.097518444,,,31.15428925,,,,,8.636039734
2020/11/17,5.273799896,2.105791092,,,30.95207405,,,,,8.644123077
2020/11/18,5.250999928,2.096567631,,,31.2651844,,,,,8.652210236
2020/11/19,5.311699867,2.109309435,,,31.02383232,,,,,8.660295486
2020/11/22,5.392499924,2.129752874,,,31.07600975,,,,,8.660295486
2020/11/23,5.473199844,2.127661228,,,31.27170372,,,,,8.668385506
2020/11/24,5.424900055,2.094570875,,,31.40216446,,,,,8.668385506
2020/11/25,5.423799992,2.105410814,,,31.40216446,,,,,8.668385506
2020/11/26,5.439899921,2.095426798,,,31.74136734,,,,,8.684555054
2020/11/29,5.351500034,2.071654797,,,31.73484802,,,,,8.696710587
2020/11/30,5.355800152,2.090577126,,,32.09361649,,,,,8.704816818
2020/12/1,5.350699902,2.095616817,,,32.03490829,,,,,8.704816818
2020/12/2,5.371200085,2.09285903,,,32.00228882,,,,,8.737236977
2020/12/3,5.412399769,2.108263254,,,32.27626038,,,,,8.753447533
2020/12/6,5.33949995,2.103889465,,,32.45238495,,,,,8.745341301
2020/12/7,5.344200134,2.110830545,,,32.57632065,,,,,8.745341301
2020/12/8,5.381299973,2.121860266,,,31.89792061,,,,,8.737236977
2020/12/9,5.360799789,2.115489721,,,32.04142761,,,,,8.753447533
2020/12/10,5.350500107,2.118818045,,,32.10665894,,,,,8.761554718
2020/12/13,5.446899891,2.120909691,,,32.16537094,,,,,8.769655228
2020/12/14,5.431900024,2.113873482,,,32.43281937,,,,,8.785869598
2020/12/15,5.480700016,2.13289094,,,32.69373703,,,,,8.802078247
2020/12/16,5.450699806,2.139832258,,,32.9967308,,,,,8.818289757
2020/12/17,5.445199966,2.139166594,,,33.05443954,,,,,8.818289757
2020/12/20,5.423099995,2.122241259,,,33.04001236,,,,,8.802078247
2020/12/21,5.38710022,2.1183424,,,33.25642776,,,,,8.810186386
2020/12/22,5.402599812,2.128802299,,,32.95344543,,,,,8.818289757
2020/12/23,5.422100067,2.132320404,,,33.06886673,,,,,8.818289757
2020/12/27,5.423399925,2.133746386,,,33.19150162,,,,,8.819098473
2020/12/28,5.438700199,2.15438056,,,33.14100647,,,,,8.827214241
2020/12/29,5.468100071,2.169974566,,,33.20593262,,,,,8.835327148
2020/12/30,5.428299904,2.173397779,,,33.20593262,,,,,8.867049217
2021/1/3,5.47300005,2.169879436,,,32.79473495,,,,,8.867049217
2021/1/4,5.458899975,2.183762312,,,33.05443954,,,,,8.842648506
2021/1/5,5.47510004,2.18271637,,,32.44125366,,,,,8.801973343
2021/1/6,5.570000172,2.19498229,,,33.25642776,,,,,8.777570724
2021/1/7,5.714099884,2.22731185,,,33.54499054,,,,,8.777570724
2021/1/10,5.690599918,2.253555536,,,33.29250336,,,,,8.745029449
2021/1/11,5.692599773,2.252414942,,,33.27807236,,,,,8.70435524
2021/1/12,5.696100235,2.255172491,,,33.42235184,,,,,8.720625877
2021/1/13,5.7427001,2.254601717,,,33.3429985,,,,,8.720625877
2021/1/14,5.748600006,2.254697084,,,33.02558136,,,,,8.712486267
2021/1/17,5.725500107,2.245283127,,,33.02558136,,,,,8.712486267
2021/1/18,5.742000103,2.278563499,,,33.55941772,,,,,8.720625877
2021/1/19,5.761600018,2.290829659,,,34.35295486,,,,,8.728758812
2021/1/20,5.770299911,2.305187941,,,34.65594101,,,,,8.7368927
2021/1/21,5.723899841,2.297676325,,,34.59822845,,,,,8.7368927
2021/1/24,5.688899994,2.325726748,,,34.67758179,,,,,8.745029449
2021/1/25,5.614799976,2.275615692,,,34.46116638,,,,,8.753162384
2021/1/26,5.657599926,2.278278351,,,33.32857132,,,,,8.728758812
2021/1/27,5.572700024,2.232827187,,,33.81190491,,,,,8.7368927
2021/1/28,5.535200119,2.209150314,,,33.2203598,,,,,8.757278442
2021/1/31,5.552499771,2.261162758,,,34.17982101,,,,,8.765431404
2021/2/1,5.606699944,2.302620888,,,34.82907486,,,,,8.773586273
2021/2/2,5.586699963,2.308611155,,,34.71365356,,,,,8.773586273
2021/2/3,5.575699806,2.301194191,,,35.160923,,,,,8.781740189
2021/2/4,5.568500042,2.300053596,,,35.28355789,,,,,8.806202888
2021/2/7,5.609000206,2.304617643,,,35.49997711,,,,,8.789890289
2021/2/8,5.616899967,2.31174922,,,35.5144043,,,,,8.781740189
2021/2/9,5.602799892,2.331526756,,,35.65147018,,,,,8.789890289
2021/2/10,5.607200146,2.327818632,,,36.01216888,,,,,8.798047066
2021/2/11,5.607200146,2.327818632,,,36.22137833,,,,,8.781740189
2021/2/14,5.643899918,2.327818632,,,36.22137833,,,,,8.781740189
2021/2/15,5.642399788,2.366804123,,,36.12759399,,,,,8.716506958
2021/2/16,5.631499767,2.36014843,,,35.91117096,,,,,8.692049026
2021/2/17,5.60710001,2.332953215,,,35.86067581,,,,,8.700198174
2021/2/18,5.564400196,2.321732759,,,35.81017685,,,,,8.675736427
2021/2/21,5.569099903,2.274950504,,,34.90121841,,,,,8.618662834
2021/2/22,5.561500072,2.269910812,,,34.81465149,,,,,8.610508919
2021/2/23,5.593800068,2.251273632,,,35.11763763,,,,,8.602356911
2021/2/24,5.698500156,2.274474859,,,33.82633591,,,,,8.537121773
2021/2/25,5.642000198,2.204776525,,,34.00668335,,,,,8.536304474
2021/2/28,5.693999767,2.244237185,,,34.95892715,,,,,8.569010735
2021/3/1,5.697299957,2.246329308,,,34.3168869,,,,,8.577190399
2021/3/2,5.749199867,2.277422667,,,33.29971313,,,,,8.552659988
2021/3/3,5.758900166,2.23263669,,,32.44125366,,,,,8.51177597
2021/3/4,5.747700214,2.233682871,,,32.9967308,,,,,8.454540253
2021/3/7,5.780700207,2.214855433,,,31.94348526,,,,,8.372772217
2021/3/8,5.834300041,2.216472149,,,33.14822006,,,,,8.389130592
2021/3/9,5.765200138,2.228833437,,,32.97508621,,,,,8.430010796
2021/3/10,5.807400227,2.260592222,,,34.02832413,,,,,8.495422363
2021/3/11,5.784500122,2.243191719,,,33.76140594,,,,,8.438182831
2021/3/14,5.794400215,2.234538317,,,34.03554153,,,,,8.446362495
2021/3/15,5.805900097,2.250323057,,,34.14374924,,,,,8.487248421
2021/3/16,5.822599888,2.250323057,,,34.17982101,,,,,8.47089386
2021/3/17,5.859200001,2.259736538,,,33.07608032,,,,,8.446362495
2021/3/18,5.856800079,2.239387751,,,33.20593262,,,,,8.462716103
2021/3/21,5.840000153,2.231781006,,,33.7109108,,,,,8.454540253
2021/3/22,5.876399994,2.22588563,,,33.48006439,,,,,8.462716103
2021/3/23,5.885799885,2.204586267,,,32.8452301,,,,,8.462716103
2021/3/24,5.914700031,2.205156803,,,32.75144958,,,,,8.454540253
2021/3/25,5.947999954,2.225790739,,,33.57384491,,,,,8.438182831
2021/3/28,5.965400219,2.234253407,,,33.30692673,,,,,8.421835899
2021/3/29,5.99849987,2.244902849,,,33.17707825,,,,,8.389130592
2021/3/30,5.964300156,2.219514608,,,33.78305054,,,,,8.421933174
2021/3/31,6.002999783,2.216852427,,,34.7857933,,,,,8.454731941
2021/4/4,6.051000118,2.216852427,,,35.26912689,,,,,8.454731941
2021/4/5,6.055799961,2.215615988,,,35.31962585,,,,,8.487533569
2021/4/6,6.03910017,2.202113867,,,35.37734222,,,,,8.495736122
2021/4/7,6.030399799,2.214570284,,,35.8678894,,,,,8.512138367
2021/4/8,6.023799896,2.202113867,,,36.01938248,,,,,8.503935814
2021/4/11,5.992599964,2.176345348,,,35.8678894,,,,,8.536736488
2021/4/12,6.025499821,2.183286428,,,36.17087555,,,,,8.536736488
2021/4/13,6.013000011,2.201067924,,,35.81739426,,,,,8.561339378
2021/4/14,6.03550005,2.202494144,,,36.50271988,,,,,8.602345467
2021/4/15,6.062300205,2.207914352,,,36.3584404,,,,,8.626945496
2021/4/18,6.086100101,2.198975801,,,35.84624481,,,,,8.635142326
2021/4/19,6.067900181,2.184332609,,,35.48554993,,,,,8.618741989
2021/4/20,5.99090004,2.149816275,,,35.81017685,,,,,8.610544205
2021/4/21,6.056200027,2.17615509,,,35.55047226,,,,,8.626945496
2021/4/22,6.07490015,2.191749573,,,36.2502327,,,,,8.618741989
2021/4/25,6.099199772,2.18556881,,,36.63978958,,,,,8.602345467
2021/4/26,6.112199783,2.18518877,,,36.56042862,,,,,8.585941315
2021/4/27,6.113299847,2.196599007,,,36.43779373,,,,,8.569540977
2021/4/28,6.105500221,2.20943594,,,36.38008118,,,,,8.577739716
2021/4/29,6.098899841,2.186139345,,,35.8823204,,,,,8.618858337
2021/5/2,6.029799938,2.186139345,,,35.52161789,,,,,8.610635757
2021/5/3,6.00909996,2.182145834,,,34.82907486,,,,,8.618858337
2021/5/4,5.965600014,2.177105904,,,34.62708664,,,,,8.627086639
2021/5/5,6.015900135,2.182621241,,,34.57658768,,,,,8.651758194
2021/5/6,6.07159996,2.173968077,,,34.90843201,,,,,8.676427841
2021/5/9,6.03399992,2.18556881,,,33.84797668,,,,,8.676427841
2021/5/10,5.961299896,2.150957346,,,33.94176102,,,,,8.659980774
2021/5/11,5.938199997,2.153524637,,,32.88130569,,,,,8.618858337
2021/5/12,5.938199997,2.153524637,,,32.93180466,,,,,8.610635757
2021/5/13,5.829800129,2.144016027,,,33.78305054,,,,,8.643532753
2021/5/16,5.887199879,2.162367821,,,33.5810585,,,,,8.651758194
2021/5/17,6.004199982,2.178057194,,,33.57384491,,,,,8.659980774
2021/5/18,5.932400227,2.169879436,,,33.7036972,,,,,8.627086639
2021/5/19,5.956600189,2.168262959,,,34.49723434,,,,,8.651758194
2021/5/20,5.980100155,2.190037966,,,34.35295486,,,,,8.659980774
2021/5/23,6.002799988,2.184237957,,,34.95892715,,,,,8.659980774
2021/5/24,6.043700218,2.203254938,,,35.17534637,,,,,8.684653282
2021/5/25,6.043700218,2.203254938,,,35.27634811,,,,,8.692876816
2021/5/26,6.093599796,2.216281891,,,35.17534637,,,,,8.684653282
2021/5/27,6.136000156,2.220180273,,,35.27634811,,,,,8.711025238
2021/5/30,6.112199783,2.229308844,,,35.27634811,,,,,8.711025238
2021/5/31,6.16629982,2.229593992,,,35.32684326,,,,,8.719267845
2021/6/1,6.115099907,2.219229698,,,35.384552,,,,,8.727508545
2021/6/2,6.105700016,2.225315094,,,34.87236023,,,,,8.711025238
2021/6/3,6.086299896,2.213048697,,,35.40619659,,,,,8.727508545
2021/6/6,6.142499924,2.213048697,,,35.57933044,,,,,8.73574543
2021/6/7,6.132900238,2.211717844,,,35.62261581,,,,,8.760473251
2021/6/8,6.102799892,2.215426207,,,35.59375763,,,,,8.793437958
2021/6/9,6.122399807,2.228262663,,,36.09873581,,,,,8.809920311
2021/6/10,6.115699768,2.233968019,,,36.3584404,,,,,8.818163872
2021/6/13,6.102600098,2.232446671,,,36.7191391,,,,,8.793437958
2021/6/14,6.14659977,2.246804714,,,36.45222473,,,,,8.768715858
2021/6/15,6.084799767,2.245568752,,,36.26465607,,,,,8.760473251
2021/6/16,6.077300072,2.250513077,,,36.92834473,,,,,8.752233505
2021/6/17,6.075200081,2.265156507,,,36.76963425,,,,,8.776956558
2021/6/20,6.039700031,2.23006916,,,36.94998932,,,,,8.760473251
2021/6/21,6.023200035,2.227597475,,,37.25297165,,,,,8.752233505
2021/6/22,6.028900146,2.243952036,,,37.36118317,,,,,8.752233505
2021/6/23,6.034500122,2.249657154,,,37.62088776,,,,,8.752233505
2021/6/24,6.032400131,2.259641409,,,37.58481598,,,,,8.743988991
2021/6/27,6.048500061,2.258880615,,,37.90222931,,,,,8.743988991
2021/6/28,5.985799789,2.255457401,,,38.03208542,,,,,8.743988991
2021/6/29,6.063499928,2.25270009,,,37.75074005,,,,,8.76629734
2021/6/30,6.061299801,2.228738308,,,37.69302368,,,,,8.76629734
2021/7/1,6.065599918,2.21637702,,,38.01044083,,,,,8.76629734
2021/7/4,6.08190012,2.209530592,,,38.01044083,,,,,8.76629734
2021/7/5,6.1802001,2.209815741,,,38.21243286,,,,,8.76629734
2021/7/6,6.084599972,2.217422962,,,38.08979034,,,,,8.782821655
2021/7/7,6.015100002,2.196408987,,,37.61367035,,,,,8.791086197
2021/7/8,6.074399948,2.185949326,,,38.01765442,,,,,8.782821655
2021/7/11,6.107800007,2.20021224,,,38.06815338,,,,,8.782821655
2021/7/12,6.161200047,2.23111558,,,38.19800568,,,,,8.76629734
2021/7/13,6.140200138,2.227216482,,,38.11143494,,,,,8.774562836
2021/7/14,6.117400169,2.240148783,,,37.6713829,,,,,8.799348831
2021/7/15,6.142799854,2.233777761,,,37.36118317,,,,,8.799348831
2021/7/18,6.07310009,2.215615988,,,37.05819702,,,,,8.799348831
2021/7/19,6.07310009,2.215615988,,,37.58481598,,,,,8.807611465
2021/7/20,6.103099823,2.207629204,,,38.09701157,,,,,8.791086197
2021/7/21,6.179500103,2.223888636,,,38.43606567,,,,,8.799348831
2021/7/22,6.173699856,2.218659163,,,39.04925156,,,,,8.799348831
2021/7/25,6.147200108,2.187090397,,,38.89054489,,,,,8.791086197
2021/7/26,6.134799957,2.159990549,,,38.33507156,,,,,8.782821655
2021/7/27,6.145699978,2.156662464,,,38.63805771,,,,,8.774562836
2021/7/28,6.228199959,2.187185287,,,38.6452713,,,,,8.782821655
2021/7/29,6.208600044,2.177676678,,,38.37113953,,,,,8.805189133
2021/8/1,6.202899933,2.177676678,,,38.37835312,,,,,8.821755409
2021/8/2,6.185100079,2.212954044,,,38.42885208,,,,,8.830039024
2021/8/3,6.262300014,2.229118824,,,38.68855667,,,,,8.838322639
2021/8/4,6.269999981,2.229308844,,,38.96268463,,,,,8.830039024
2021/8/5,6.278399944,2.238722324,,,38.753479,,,,,8.805189133
2021/8/6,6.278399944,2.238722324,,,38.73183823,,,,,8.780340195
2021/8/9,6.335700035,2.25669384,,,38.34949875,,,,,8.77205658
2021/8/10,6.287899971,2.241670132,,,38.17636108,,,,,8.763772964
2021/8/11,6.302499771,2.240053415,,,38.24128723,,,,,8.77205658
2021/8/12,6.300000191,2.234633684,,,38.33507156,,,,,8.788619041
2021/8/15,6.227200031,2.237296343,,,38.19078827,,,,,8.796906471
2021/8/16,6.159999847,2.232351542,,,37.85894394,,,,,8.796906471
2021/8/17,6.189400196,2.232256651,,,37.58481598,,,,,8.796906471
2021/8/18,6.114500046,2.205156803,,,37.76516342,,,,,8.796906471
2021/8/19,6.144800186,2.191749573,,,38.10422516,,,,,8.796906471
2021/8/22,6.130599976,2.210006237,,,38.76791,,,,,8.805189133
2021/8/23,6.157899857,2.227787256,,,38.98432541,,,,,8.813471794
2021/8/24,6.165400028,2.23548913,,,39.09253693,,,,,8.813471794
2021/8/25,6.176499844,2.222082138,,,38.86890411,,,,,8.813471794
2021/8/26,6.124199867,2.226646662,,,39.46045303,,,,,8.830039024
2021/8/29,6.172299862,2.242430687,,,39.79229355,,,,,8.854886055
2021/8/30,6.107900143,2.276376724,,,39.68408203,,,,,8.893082619
2021/8/31,6.15749979,2.270956516,,,39.8427887,,,,,8.893082619
2021/9/1,6.156700134,2.2810359,,,39.74179459,,,,,8.901387215
2021/9/2,6.161300182,2.284649134,,,40.01592636,,,,,8.893082619
2021/9/5,6.202199936,2.298912287,,,40.01592636,,,,,8.893082619
2021/9/6,6.189199924,2.307945728,,,39.99428177,,,,,8.884781837
2021/9/7,6.116899967,2.291970968,,,39.7273674,,,,,8.884781837
2021/9/8,6.109700203,2.264775753,,,39.64080048,,,,,8.884781837
2021/9/9,6.163799763,2.281226397,,,39.50373459,,,,,8.884781837
2021/9/12,6.12349987,2.251654148,,,39.40995407,,,,,8.884781837
2021/9/13,6.144800186,2.252319813,,,39.44602203,,,,,8.893082619
2021/9/14,6.116499901,2.241670132,,,39.74179459,,,,,8.901387215
2021/9/15,6.138700008,2.228357792,,,39.87164688,,,,,8.884781837
2021/9/16,6.159800053,2.244237185,,,39.51094818,,,,,8.85986805
2021/9/19,6.112299919,2.201923609,,,38.66691208,,,,,8.826655388
2021/9/20,6.15929985,2.2149508,,,38.85447693,,,,,8.826655388
2021/9/21,6.14139986,2.214285135,,,39.16467667,,,,,8.818353653
2021/9/22,6.199800014,2.227597475,,,39.64801407,,,,,8.793444633
2021/9/23,6.165800095,2.23263669,,,39.67686844,,,,,8.74362278
2021/9/26,6.250899792,2.22731185,,,39.18632126,,,,,8.718709946
2021/9/27,6.193399906,2.21399951,,,37.73630905,,,,,8.677191734
2021/9/28,6.181499958,2.202399254,,,37.41168213,,,,,8.685494423
2021/9/29,6.190499783,2.203540325,,,37.33953857,,,,,8.698815346
2021/9/30,6.125599861,2.161131382,,,37.75074005,,,,,8.690488815
2021/10/3,6.19990015,2.151242256,,,36.58207321,,,,,8.673841476
2021/10/4,6.164800167,2.144110918,,,37.0798378,,,,,8.657196045
2021/10/5,6.184700012,2.135077953,,,37.29625702,,,,,8.632221222
2021/10/6,6.224400043,2.169499397,,,37.79402161,,,,,8.640547752
2021/10/7,6.235099792,2.169689417,,,37.53431702,,,,,8.615571022
2021/10/10,6.222499847,2.165885925,,,37.12311935,,,,,8.59059906
2021/10/11,6.225900173,2.150481701,,,37.18083572,,,,,8.582275391
2021/10/12,6.316800117,2.150767088,,,37.70024109,,,,,8.607247353
2021/10/13,6.331200123,2.169974566,,,38.45049286,,,,,8.640547752
2021/10/14,6.348499775,2.18661499,,,38.81119156,,,,,8.640547752
2021/10/17,6.344900131,2.179292917,,,39.11418152,,,,,8.623898506
2021/10/18,6.401599884,2.206583023,,,39.49651718,,,,,8.623898506
2021/10/19,6.39659977,2.207818985,,,39.32338333,,,,,8.615571022
2021/10/20,6.384399891,2.201258183,,,39.79950714,,,,,8.59059906
2021/10/21,6.403999805,2.214665413,,,39.79950714,,,,,8.59059906
2021/10/24,6.400000095,2.214665413,,,39.61194229,,,,,8.598920822
2021/10/25,6.395599842,2.219800234,,,39.58308792,,,,,8.615571022
2021/10/26,6.410699844,2.211242437,,,39.19353104,,,,,8.640547752
2021/10/27,6.391200066,2.192034721,,,39.44602203,,,,,8.640547752
2021/10/28,6.363699913,2.197740316,,,39.51816177,,,,,8.646389008
2021/10/31,6.406400204,2.2044909,,,39.56144714,,,,,8.621346474
2021/11/1,6.421199799,2.200307369,,,39.69850922,,,,,8.621346474
2021/11/2,6.400599957,2.193841219,,,39.89328766,,,,,8.621346474
2021/11/3,6.400599957,2.193841219,,,40.48483276,,,,,8.646389008
2021/11/4,6.437900066,2.204015732,,,40.56418991,,,,,8.688117027
2021/11/7,6.472199917,2.206963539,,,40.56418991,,,,,8.696462631
2021/11/8,6.437799931,2.21399951,,,40.92488861,,,,,8.704810143
2021/11/9,6.395599842,2.212002993,,,40.0880661,,,,,8.663082123
2021/11/10,6.411300182,2.20943594,,,40.33334351,,,,,8.646389008
2021/11/11,6.422500134,2.220370531,,,40.94652939,,,,,8.629694939
2021/11/14,6.446800232,2.23006916,,,40.91045761,,,,,8.629694939
2021/11/15,6.441699982,2.239387751,,,41.25672913,,,,,8.604659081
2021/11/16,6.429599762,2.245378256,,,40.90324402,,,,,8.596311569
2021/11/17,6.442299843,2.232731819,,,41.05473709,,,,,8.596311569
2021/11/18,6.434000015,2.239387751,,,40.94652939,,,,,8.604659081
2021/11/21,6.438099861,2.246139288,,,39.83557892,,,,,8.562929153
2021/11/22,6.406099796,2.236155033,,,39.46045303,,,,,8.487814903
2021/11/23,6.396299839,2.232351542,,,39.79229355,,,,,8.487814903
2021/11/24,6.386499882,2.22997427,,,39.79229355,,,,,8.487814903
2021/11/25,6.296899796,2.188897133,,,39.020401,,,,,8.437738419
2021/11/28,6.205200195,2.181004763,,,39.77065277,,,,,8.429392815
2021/11/29,6.06099987,2.159990549,,,39.1213913,,,,,8.458676338
2021/11/30,6.16779995,2.16797781,,,38.20521545,,,,,8.500509262
2021/12/1,6.159500122,2.190132856,,,38.60919952,,,,,8.525608063
2021/12/2,6.164599895,2.18556881,,,37.76516342,,,,,8.550712585
2021/12/5,6.190000057,2.15865922,,,38.03208542,,,,,8.567442894
2021/12/6,6.236800194,2.184332609,,,39.51816177,,,,,8.600909233
2021/12/7,6.235099792,2.191179037,,,39.81393433,,,,,8.609275818
2021/12/8,6.246200085,2.207914352,,,39.00596619,,,,,8.600909233
2021/12/9,6.229899883,2.188516378,,,39.15024948,,,,,8.592543602
2021/12/12,6.179599762,2.188326359,,,38.50099182,,,,,8.600909233
2021/12/13,6.190199852,2.180624485,,,37.84452057,,,,,8.600909233
2021/12/14,6.176700115,2.163603783,,,38.74626541,,,,,8.575810432
2021/12/15,6.206799984,2.157613277,,,37.53431702,,,,,8.584174156
2021/12/16,6.182099819,2.13850069,,,37.62088776,,,,,8.575810432
2021/12/19,6.096199989,2.109879732,,,37.0975914,,,,,8.533975601
2021/12/20,6.126900196,2.132130384,,,38.26527023,,,,,8.533975601
2021/12/21,6.144499779,2.13935709,,,38.59394836,,,,,8.533975601
2021/12/22,6.157800198,2.146393061,,,38.83613968,,,,,8.542344093
2021/12/23,6.177700043,2.14392066,,,38.83613968,,,,,8.542344093
2021/12/26,6.175199986,2.14392066,,,39.3032074,,,,,8.542344093
2021/12/27,6.23029995,2.14392066,,,39.04372025,,,,,8.542344093
2021/12/28,6.242400169,2.14392066,,,38.93127823,,,,,8.542344093
2021/12/29,6.22879982,2.147248745,,,38.97452927,,,,,8.550712585
2021/12/30,6.229199886,2.15057683,,,38.69774628,,,,,8.592707634
2022/1/2,6.245100021,2.15057683,,,38.8534317,,,,,8.575908661
2022/1/3,6.324999809,2.15438056,,,38.04038239,,,,,8.550708771
2022/1/4,6.253099918,2.143160343,,,36.50942612,,,,,8.525510788
2022/1/5,6.30189991,2.128136635,,,36.47482681,,,,,8.466712952
2022/1/6,6.333000183,2.139642,,,36.03370285,,,,,8.449917793
2022/1/9,6.381000042,2.151623011,,,35.97315979,,,,,8.407917976
2022/1/10,6.430699825,2.135552883,,,36.65647125,,,,,8.407917976
2022/1/11,6.437799931,2.155236006,,,36.77756119,,,,,8.41631794
2022/1/12,6.430500031,2.156471968,,,35.8001709,,,,,8.391119003
2022/1/13,6.476399899,2.150767088,,,35.97315979,,,,,8.340723038
2022/1/16,6.497399807,2.144586563,,,35.97315979,,,,,8.340723038
2022/1/17,6.466100216,2.132320404,,,34.87467957,,,,,8.248327255
2022/1/18,6.460499763,2.113493204,,,34.4335556,,,,,8.29032135
2022/1/19,6.472400188,2.129848242,,,34.0529747,,,,,8.31552124
2022/1/20,6.443999767,2.130228043,,,33.06693649,,,,,8.349123955
2022/1/23,6.429299831,2.109689236,,,33.36967087,,,,,8.307122231
2022/1/24,6.344299793,2.084301472,,,32.20198822,,,,,8.29872036
2022/1/25,6.372900009,2.081924438,,,32.20198822,,,,,8.307122231
2022/1/26,6.347000122,2.050735712,,,31.8387146,,,,,8.32392025
2022/1/27,6.318699837,2.048453808,,,33.02368927,,,,,8.32392025
2022/1/30,6.363699913,2.066995382,,,34.35570908,,,,,8.350861549
2022/1/31,6.363699913,2.066995382,,,34.61519241,,,,,8.350861549
2022/2/1,6.363699913,2.066995382,,,34.58059311,,,,,8.392952919
2022/2/2,6.455500126,2.083826065,,,33.11018372,,,,,8.359279633
2022/2/3,6.51240015,2.101511955,,,33.91458511,,,,,8.308767319
2022/2/6,6.569600105,2.082019567,,,33.72429657,,,,,8.283514977
2022/2/7,6.642700195,2.080212831,,,34.07027817,,,,,8.258257866
2022/2/8,6.694300175,2.108073235,,,35.04766846,,,,,8.283514977
2022/2/9,6.690299988,2.120054007,,,34.37300873,,,,,8.24984169
2022/2/10,6.690499783,2.105695963,,,33.09288406,,,,,8.224586487
2022/2/13,6.632199764,2.074317455,,,33.05828857,,,,,8.18249321
2022/2/14,6.645599842,2.081068516,,,34.02702713,,,,,8.1909132
2022/2/15,6.684299946,2.107312202,,,33.83673859,,,,,8.20775032
2022/2/16,6.6802001,2.10883379,,,32.67770767,,,,,8.1909132
2022/2/17,6.646100044,2.103318691,,,32.02035141,,,,,8.18249321
2022/2/20,6.656700134,2.09400034,,,32.02035141,,,,,8.18249321
2022/2/21,6.583199978,2.060339689,,,31.71761513,,,,,8.140404701
2022/2/22,6.55039978,2.064523458,,,30.90456772,,,,,8.064641953
2022/2/23,6.329400063,2.014412642,,,32.24523544,,,,,7.887858391
2022/2/24,6.381199837,2.024967194,,,32.74690628,,,,,7.988880157
2022/2/27,6.285600185,2.031148195,,,32.78150558,,,,,7.884207249
2022/2/28,6.337500095,2.040086031,,,32.158741,,,,,7.867321968
2022/3/1,6.262300014,2.011655331,,,32.52201843,,,,,7.799791336
2022/3/2,6.265999794,2.014222622,,,31.64842224,,,,,7.791351318
2022/3/3,6.186100006,1.985601664,,,30.67103195,,,,,7.791351318
2022/3/6,6.101399899,1.912765026,61.34999847,1.866630316,29.22657204,14.48999977,8.796551704,,,7.61408186
2022/3/7,6.024700165,1.902495503,60.18000031,1.824294329,29.15737534,14.43999958,8.745500565,0.8382,8.9622612,7.588757992
2022/3/8,6.143199921,1.897360921,60.61999893,1.811786056,30.64508438,14.76000023,8.759175301,0.8282,8.943315506,7.656289577
2022/3/9,6.228600025,1.935205579,60.88999939,1.785807014,30.13476753,14.73999977,8.742762566,0.8218,8.924366951,7.664728642
2022/3/10,6.239500046,1.906203866,61.31000137,1.757903934,29.30441856,14.56999969,8.720884323,0.8191,8.924366951,7.664728642
2022/3/13,6.211699963,1.86797905,61.38999939,1.684778214,28.59515953,14.47999954,8.655244827,0.8172,8.924366951,7.630964279
2022/3/14,6.227099895,1.828803539,61.09999847,1.607803702,29.44280815,14.80000019,8.632452011,0.8072,8.858050346,7.61408186
2022/3/15,6.360199928,1.900498629,62.20000076,1.756941676,30.97376442,15.10000038,8.716326714,0.7999,8.839101791,7.706938267
2022/3/16,6.420700073,1.900498629,62.95000076,1.799277663,31.5273304,15.22000027,8.764641762,0.7962,8.867524147,7.766023636
2022/3/17,6.440299988,1.900498629,63.49000168,1.865668058,32.51337051,15.42000008,8.774672508,0.8045,8.867524147,7.78290987
2022/3/20,6.486800194,1.956504941,63.93000031,1.80986166,32.27118683,15.40999985,8.786523819,0.8099,8.895943642,7.740703583
2022/3/21,6.486199856,1.972004056,63.81000137,1.865668058,32.91989899,15.60000038,8.720884323,0.8127,8.886471748,7.690054417
2022/3/22,6.494800091,1.973810554,63.27999878,1.872403383,32.32307816,15.43000031,8.727264404,0.8118,8.876996994,7.681614399
2022/3/23,6.553500175,1.959928155,63.34000015,1.867592454,33.06693649,15.67000008,8.749146461,0.8182,8.895943642,7.681614399
2022/3/24,6.571700096,1.941005707,63.86999893,1.835840583,32.7555542,15.72999954,8.740941048,0.8172,8.90541935,7.681614399
2022/3/27,6.62319994,1.931877255,63.86999893,1.85123539,33.2485733,15.88000011,8.72908783,0.8127,8.924366951,7.706938267
2022/3/28,6.611800194,1.944333911,64.76000214,1.874327779,34.13082123,16.01000023,8.788345337,0.8182,8.933839798,7.791351318
2022/3/29,6.648799896,1.972954869,65.04000092,1.879138589,33.52535629,15.86999989,8.823900223,0.8218,8.943315506,7.825117111
2022/3/30,6.597499847,1.961734653,65.04000092,1.837764859,32.88529968,15.64999962,8.814783096,0.8291,8.943315506,7.864053726
2022/3/31,6.597300053,1.95260632,64.47000122,1.870479107,33.00638962,15.69999981,8.756439209,0.8319,8.952788353,7.85558939
2022/4/3,6.601900101,1.987883568,64.47000122,1.913777113,33.78484344,15.81999969,8.767377853,0.8282,8.952788353,7.872519016
2022/4/4,6.653900146,1.990831137,65.33000183,1.896457911,32.7901535,15.59000015,8.764641762,0.8309,8.952788353,7.821729183
2022/4/5,6.612999916,1.950704694,65.33000183,1.880100846,31.79546165,15.47000027,8.68076992,0.8282,8.971735954,7.762476444
2022/4/6,6.590899944,1.925030947,66.30000305,1.847386718,31.72626877,15.56000042,8.668008804,0.8309,8.952788353,7.754006863
2022/4/7,6.554399967,1.932067513,66.84999847,1.87817657,31.17270279,15.56999969,8.636099815,0.8291,8.943315506,7.711684227
2022/4/10,6.521100044,1.897265792,66.84999847,1.838726997,30.48074722,15.35000038,8.583224297,0.8273,8.91489315,7.643961906
2022/4/11,6.45909977,1.889088273,65.93000031,1.839689255,30.29045486,15.27999973,8.597811699,0.8218,8.895943642,7.62703228
2022/4/12,6.498899937,1.898026466,65.44999695,1.852197528,30.99106407,15.48999977,8.597811699,0.8209,8.895943642,7.635499477
2022/4/13,6.48239994,1.900689006,65.88999939,1.849311113,30.10016632,15.27999973,8.60419178,0.8227,8.895943642,7.61856842
2022/4/17,6.413099766,1.900689006,65.88999939,1.839689255,29.96177292,15.27999973,8.585961342,0.8191,8.895943642,7.60163784
2022/4/18,6.426400185,1.85837543,65.88999939,1.831991911,30.80942345,15.64000034,8.569550514,0.82,8.839101791,7.550848484
2022/4/19,6.484499931,1.86788404,65.48000336,1.79639101,30.42019653,15.63000011,8.596898079,0.8163,8.829627991,7.567776203
2022/4/20,6.497499943,1.867028236,66.08999634,1.758866072,29.55525017,15.31999969,8.591427803,0.8172,8.848577499,7.550848484
2022/4/21,6.519199848,1.857519627,66.08999634,1.77810967,28.8286972,14.93000031,8.556785583,0.8136,8.829627991,7.500055313
2022/4/24,6.48210001,1.821386695,62.52000046,1.714605689,29.33036613,15.10000038,8.5102911,0.8136,8.82015419,7.491590977
2022/4/25,6.470399857,1.829183698,63.29000092,1.694399953,28.17998505,14.69999981,8.540376663,0.8154,8.810678482,7.500055313
2022/4/26,6.46269989,1.82205224,62.75,1.728076339,28.24053192,14.80000019,8.513939857,0.8154,8.82015419,7.466195107
2022/4/27,6.526899815,1.846774578,62.59999847,1.762714863,29.40821075,15.22000027,8.4920578,0.8136,8.801205635,7.449267387
2022/4/28,6.585499763,1.873018742,62.81000137,1.816596866,28.09348869,14.59000015,8.467443466,0.8136,8.791732788,7.428889275
2022/4/29,6.585499763,1.873018742,62.81000137,1.816596866,28.57786179,14.59000015,8.379926682,0.8145,8.791732788,7.386436462
2022/5/2,6.585499763,1.873018742,61.56000137,1.816596866,28.41351891,14.59000015,8.385394096,0.8099,8.753836632,7.377948284
2022/5/3,6.584499836,1.849532247,60.97999954,1.799277663,29.33036613,15.14999962,8.370808601,0.8072,8.76331234,7.411907673
2022/5/4,6.557799816,1.865506887,62.04000092,1.77329886,27.73021317,14.60999966,8.398159981,0.8063,8.801205635,7.386436462
2022/5/5,6.472700119,1.806743264,60.63999939,1.744433284,27.23719025,14.52999973,8.320670128,0.8063,8.76331234,7.318516254
2022/5/8,6.423799992,1.782020688,60.63999939,1.711719275,25.69758415,14.52999973,8.255028725,0.8063,8.76331234,7.267576694
2022/5/9,6.340000153,1.783161759,60.63999939,1.710757017,25.93111992,14.11999989,8.263234138,0.8045,8.744363785,7.276066303
2022/5/10,6.333600044,1.789152145,60.02000046,1.722303152,25.00562668,13.85999966,8.267790794,0.8045,8.744363785,7.293047905
2022/5/11,6.227799892,1.749215722,58.90999985,1.710757017,25.1180706,13.93999958,8.24864769,0.8008,8.753836632,7.293047905
2022/5/12,6.294099808,1.775174379,59.90000153,1.745395541,26.54523277,14.30000019,8.24317646,0.7981,8.782258987,7.293047905
2022/5/15,6.294099808,1.775174379,59.90000153,1.745395541,25.93977165,14.30000019,8.249559402,0.799,8.734888077,7.284557819
2022/5/16,6.31799984,1.803605437,61.08000183,1.77810967,26.70957184,14.40999985,8.24864769,0.799,8.753836632,7.267576694
2022/5/17,6.352099895,1.816061616,60.77000046,1.775223136,25.48134804,13.81999969,8.211269379,0.8008,8.72541523,7.25908947
2022/5/18,6.279500008,1.764619946,60.77000046,1.763676882,25.80138016,13.71000004,8.181184769,0.8008,8.772785187,7.242106915
2022/5/19,6.376100063,1.800087214,61.02000046,1.774260998,25.8186779,13.68000031,8.211269379,0.8035,8.76331234,7.267576694
2022/5/22,6.318999767,1.78164041,61.59000015,1.769450068,26.13870811,13.85999966,8.21764946,0.8026,8.76331234,7.293047905
2022/5/23,6.266799927,1.756442428,61.65999985,1.725189805,25.19591522,13.69999981,8.209445953,0.8026,8.76331234,7.310026646
2022/5/24,6.242899895,1.765475512,61.84000015,1.743471265,25.66298866,13.89999962,8.282378197,0.8045,8.801205635,7.360967159
2022/5/25,6.304999828,1.764144301,61.84000015,1.785807014,26.30304909,13.89999962,8.417303085,0.8054,8.801205635,7.411907673
2022/5/26,6.335599899,1.78164041,61.84000015,1.788693666,27.29773712,14.43999958,8.488412857,0.8045,8.810678482,7.44587326
2022/5/29,6.345399857,1.828423142,62.74000168,1.797353387,27.29773712,14.43999958,8.488412857,0.7999,8.810678482,7.44587326
2022/5/30,6.333899975,1.845824003,61.83000183,1.831991911,27.03825378,14.38000011,8.461061478,0.7999,8.82015419,7.441613674
2022/5/31,6.328400135,1.844968081,61.61000061,1.816596866,26.81336784,14.28999996,8.411833763,0.7999,8.782258987,7.416069984
2022/6/1,6.30670023,1.820055604,61.61000061,1.838726997,27.91184998,14.28999996,8.417303085,0.799,8.782258987,7.416069984
2022/6/2,6.308100224,1.834984064,61.31000137,1.825256586,27.16799545,14.28999996,8.390865326,0.7999,8.782258987,7.407553196
2022/6/5,6.29610014,1.834984064,61.31000137,1.856046319,27.22854233,14.28999996,8.379926682,0.7999,8.782258987,7.382010937
2022/6/6,6.303599834,1.8179636,60.95000076,1.858932853,27.56587219,14.53999996,8.314286232,0.7999,8.706467628,7.364982605
2022/6/7,6.287799835,1.840689063,60.95000076,1.90607965,27.3928833,14.35999966,8.307904243,0.7962,8.715943336,7.339437962
2022/6/8,6.251100063,1.846965075,61.20999908,1.881063104,26.41549301,14.05000019,8.293316841,0.7871,8.687520027,7.296867847
2022/6/9,6.194300175,1.828803539,59.20999908,1.861819386,25.20456505,13.72999954,8.223119736,0.7835,8.687520027,7.237267017
2022/6/12,6.107999802,1.779738665,57.95999908,1.810823798,23.74280548,13.22000027,8.030761719,0.7825,8.640151024,7.075494766
2022/6/13,6.051000118,1.771466136,57.95999908,1.843538046,23.74280548,13.22000027,7.992470264,0.7835,8.545413017,7.041435719
2022/6/14,6.056499958,1.766711712,57.36000061,1.870479107,24.51260757,13.39000034,8.036231995,0.7844,8.479095459,7.084007263
2022/6/15,6.038000107,1.747123718,56.50999832,1.820445538,23.23248482,12.90999985,7.96785593,0.7835,8.507515907,7.049949169
2022/6/16,6.057099819,1.746078014,57.47999954,1.830067396,23.62170982,12.96000004,7.965123177,0.7798,8.516991615,7.058465004
2022/6/19,6.04610014,1.754065275,57.13000107,1.850273252,23.62170982,12.96000004,7.965123177,0.7816,8.516991615,7.058465004
2022/6/20,6.104199886,1.776030302,57.13000107,1.876252174,24.22717476,13.22000027,8.024378777,0.7816,8.507515907,7.041435719
2022/6/21,6.035900116,1.746553421,58.75,1.862781525,24.20122528,13.21000004,7.964212418,0.7789,8.507515907,7.041435719
2022/6/22,6.041500092,1.75767839,58.75,1.888760567,24.76344109,13.21000004,7.97332716,0.7762,8.507515907,7.049949169
2022/6/23,6.072000027,1.788486719,58.75,1.922436714,25.96572113,13.69999981,8.005233765,0.7762,8.554886818,7.041435719
2022/6/26,6.106599808,1.811117291,61.20000076,1.935907364,25.62838745,13.64999962,8.042613029,0.7771,8.545413017,7.015892029
2022/6/27,6.10010004,1.812923789,61.52000046,1.957075119,24.71154594,13.43999958,8.021645546,0.778,8.52646637,6.964805603
2022/6/28,6.088300228,1.795428038,61.52000046,1.963810563,24.64234924,13.47999954,7.944152832,0.7771,8.516991615,6.947777748
2022/6/29,6.020599842,1.786394596,60.45999908,1.959961772,24.14068031,13.36999989,7.883985996,0.7752,8.516991615,6.962299347
2022/6/30,5.99420023,1.770230055,60.68999863,1.968621492,24.14068031,13.55000019,7.858457088,0.7762,8.516991615,7.022097588
2022/7/3,6.038400173,1.774508953,61.43000031,1.973432422,24.14068031,13.55000019,7.858457088,0.7707,8.516991615,7.022097588
2022/7/4,6.021800041,1.786489844,60.49000168,1.955150962,24.60775185,13.64999962,7.867575169,0.7652,8.573833466,6.98792696
2022/7/5,6.004399776,1.786679983,60.49000168,1.936869502,24.61639977,13.68000031,7.898571968,0.7625,8.592782021,6.962299347
2022/7/6,6.052599907,1.798280358,61.70000076,1.963810563,25.39485359,13.82999992,7.939597607,0.7597,8.564358711,6.945213795
2022/7/7,6.066899776,1.806267858,61.65999985,1.970545888,25.41215324,13.82999992,7.970592976,0.7588,8.554886818,6.919586658
2022/7/10,6.066899776,1.806267858,61.61999893,1.970545888,24.82398987,13.82999992,7.977887154,0.7579,8.535938263,6.902500153
2022/7/11,6.09070015,1.778692722,61.61999893,1.908966303,24.20122528,13.59000015,7.994297504,0.7579,8.554886818,6.859787464
2022/7/12,6.045400143,1.775459647,60.63000107,1.896457911,24.27907181,13.56000042,7.97606039,0.7533,8.573833466,6.808529377
2022/7/13,5.974299908,1.77108562,59.59999847,1.86470592,24.23582458,13.48999977,7.951448917,0.7506,8.58330822,6.757274628
2022/7/14,5.983500004,1.757203221,60.97999954,1.827180982,24.84128571,13.69999981,7.991560459,0.7497,8.52646637,6.765817165
2022/7/17,6.031099796,1.779358268,60.97999954,1.868554711,24.73749352,13.53999996,8.045349121,0.7524,8.545413017,6.791444778
2022/7/18,6.028399944,1.76281321,61.38999939,1.86951673,25.58514214,13.88000011,8.07087326,0.7579,8.516991615,6.791444778
2022/7/19,6.140399933,1.786394596,61.08000183,1.86470592,26.38954353,13.93999958,8.127398491,0.7606,8.507515907,6.842702389
2022/7/20,6.113200188,1.783637166,61.08000183,1.857970715,26.83931732,14.09000015,8.1501894,0.767,8.507515907,6.885415077
2022/7/21,6.153900146,1.782591224,61.70999908,1.836802721,26.10411263,13.89999962,8.194859505,0.767,8.507515907,6.945213795
2022/7/24,6.152599812,1.778407454,61.70999908,1.837764859,25.90517235,13.90999985,8.193947792,0.7698,8.611729622,6.962299347
2022/7/25,6.174399853,1.777931929,61.79000092,1.847386718,25.16131783,13.77999973,8.173893929,0.7734,8.592782021,6.953757286
2022/7/26,6.200699806,1.774698973,61.83000183,1.845462322,26.51063538,14.14000034,8.208536148,0.7725,8.611729622,6.953757286
2022/7/27,6.222599983,1.780118942,61.52999878,1.826218724,26.97770882,14.26000023,8.247735023,0.7698,8.640151024,7.056269646
2022/7/28,6.196400166,1.78021419,61.95999908,1.793504596,27.54857254,14.5,8.315197945,0.767,8.687520027,7.140272617
2022/7/31,6.258100033,1.78021419,61.95999908,1.716530085,27.55722237,14.38000011,8.268704414,0.767,8.706467628,7.17455864
2022/8/1,6.241099834,1.76680696,61.86999893,1.717492342,27.50532532,14.31999969,8.275085449,0.7652,8.734888077,7.148844242
2022/8/2,6.304900169,1.776125312,61.86999893,1.716530085,28.34432411,14.59000015,8.292406082,0.7652,8.696994781,7.148844242
2022/8/3,6.354599953,1.777076125,61.90000153,1.733849406,28.74219894,14.53999996,8.317932129,0.7634,8.715943336,7.208845615
2022/8/4,6.380300045,1.801608682,61.43000031,1.732887149,28.78544426,14.56999969,8.303348541,0.7661,8.744363785,7.191700935
2022/8/7,6.391699791,1.784493089,61.43000031,1.733849406,28.61245918,14.52999973,8.326138496,0.7661,8.706467628,7.234560013
2022/8/8,6.391699791,1.784493089,62.06000137,1.733849406,28.02429581,14.52999973,8.289673805,0.7707,8.734888077,7.217419624
2022/8/9,6.428899765,1.750737071,62.09999847,1.717492342,28.94978905,14.71000004,8.341635704,0.7725,8.715943336,7.25170517
2022/8/10,6.442299843,1.786299586,62.04000092,1.739622474,28.61245918,14.67000008,8.389953613,0.7725,8.72541523,7.29456234
2022/8/11,6.432400227,1.788486719,61.88000107,1.740584612,29.20927048,14.97000027,8.369895935,0.7716,8.687520027,7.285991669
2022/8/14,6.425899982,1.794857264,61.88000107,1.732887149,29.39090919,14.97000027,8.373544693,0.7679,8.687520027,7.285991669
2022/8/15,6.408400059,1.799421549,61.88000107,1.734811544,29.18332291,15.11999989,8.365339279,0.767,8.696994781,7.260276794
2022/8/16,6.420899868,1.807979465,62.20000076,1.733849406,28.6903019,15.06999969,8.320670128,0.7698,8.687520027,7.200275898
2022/8/17,6.433000088,1.799897075,61.68999863,1.729038477,28.73355103,15.10999966,8.316108704,0.7688,8.659098625,7.208845615
2022/8/18,6.375100136,1.799706817,61.86000061,1.731925011,27.98104286,15,8.268704414,0.7716,8.659098625,7.148844242
2022/8/21,6.396900177,1.789912939,61.84000015,1.751168609,27.16799545,14.77000046,8.200329781,0.778,8.659098625,7.088841915
2022/8/22,6.371900082,1.769088745,60.66999817,1.740584612,27.11610031,14.68999958,8.202151299,0.7734,8.602255821,7.105986118
2022/8/23,6.347599983,1.769183993,60.54000092,1.75020647,27.22854233,14.80000019,8.191213608,0.7716,8.592782021,7.114556789
2022/8/24,6.398900032,1.794857264,60.54000092,1.789655805,27.83400726,14.96000004,8.204888344,0.7725,8.573833466,7.140272617
2022/8/25,6.394000053,1.807313681,61.31999969,1.800239801,26.77012062,14.47000027,8.216737747,0.7652,8.602255821,7.140272617
2022/8/28,6.332900047,1.778977871,59.29999924,1.7915802,26.37224388,14.47000027,8.160216331,0.7643,8.602255821,7.088841915
2022/8/29,6.371500015,1.801133156,59.29999924,1.759828329,26.19060707,14.25,8.110075951,0.7643,8.573833466,7.063126564
2022/8/30,6.333600044,1.795617938,59.27000046,1.775223136,25.98301888,14.17000008,8.063580513,0.7606,8.564358711,7.053664684
2022/8/31,6.340799809,1.78715539,58.56000137,1.757903934,25.54189491,14.23999977,7.975148201,0.7615,8.535938263,6.993449211
2022/9/1,6.302499771,1.770134926,59.27000046,1.7550174,25.33430862,14.10000038,8.018912315,0.7634,8.507515907,7.010653973
2022/9/4,6.313300133,1.767662525,58.5,1.746357799,25.33430862,14.10000038,8.018912315,0.7634,8.507515907,7.010653973
2022/9/5,6.335999966,1.768423319,58.77999878,1.736735821,25.26511002,14.10000038,7.991560459,0.7643,8.52646637,6.984847546
2022/9/6,6.301199913,1.755111217,58.34999847,1.739622474,25.76678085,14.38000011,8.004322052,0.7615,8.469622612,7.00205183
2022/9/7,6.345099926,1.764619946,59.49000168,1.728076339,25.98301888,14.46000004,8.062669754,0.7606,8.49804306,7.019256115
2022/9/8,6.395800114,1.788201451,60.59999847,1.75020647,26.6230793,14.60999966,8.11463356,0.7615,8.479095459,7.045059204
2022/9/11,6.415400028,1.788011074,61,1.758866072,26.89121246,14.71000004,8.152013779,0.7606,8.479095459,7.070867538
2022/9/12,6.451700211,1.813589573,59.84999847,1.748282194,25.55919266,14.18999958,8.09002018,0.7597,8.479095459,7.019256115
2022/9/13,6.394000053,1.772892475,59.40000153,1.731925011,25.70623398,14.23999977,8.039880753,0.7579,8.450673103,6.993449211
2022/9/14,6.401100159,1.78040421,59.40000153,1.740584612,25.23051453,14.13000011,8.020733833,0.7579,8.412777901,6.984847546
2022/9/15,6.394199848,1.758058667,59.06999969,1.699211001,24.91913223,14.02999973,7.959654331,0.7542,8.403305054,6.941836357
2022/9/18,6.368000031,1.745031834,59.06999969,1.70017302,25.0488739,14.02999973,7.966948509,0.7506,8.403305054,6.933236122
2022/9/19,6.38929987,1.759960651,57.91999817,1.70498395,24.76344109,13.94999981,7.957829475,0.7469,8.393831253,6.907429695
2022/9/20,6.379399776,1.744746566,58.45999908,1.683815956,24.39151573,13.73999977,7.977887154,0.7415,8.374882698,6.907429695
2022/9/21,6.36950016,1.722971916,57.02999878,1.668421149,23.94174194,13.64000034,7.921363354,0.7378,8.393831253,6.855816364
2022/9/22,6.298099995,1.706712008,56.74000168,1.654950619,23.59576416,13.47000027,7.848431587,0.7351,8.336987495,6.787002563
2022/9/25,6.220600128,1.695491672,56.24000168,1.666496754,23.39682388,13.38000011,7.789172649,0.7351,8.35593605,6.692379475
2022/9/26,6.18419981,1.697203279,56.61999893,1.664572477,23.51791954,13.42000008,7.777323246,0.7341,8.299092293,6.632164478
2022/9/27,6.083899975,1.662591815,56.77000046,1.64532876,24.01958847,13.77999973,7.752707958,0.7351,8.280145645,6.614960194
2022/9/28,6.069499969,1.663067222,56.95999908,1.613576889,23.47467041,13.47999954,7.739032269,0.7314,8.35593605,6.589155674
2022/9/29,6.118199825,1.661735892,57.29000092,1.637631416,23.13734055,13.27000046,7.760910034,0.7305,8.35593605,6.60556078
2022/10/2,6.061699867,1.623320937,57.04000092,1.6270473,23.82929802,13.60000038,7.739032269,0.7278,8.261198044,6.640099049
2022/10/3,6.128799915,1.657171845,57.04000092,1.669383287,24.77209091,13.94999981,7.863017082,0.7259,8.261198044,6.726445198
2022/10/4,6.148099899,1.689596415,58.66999817,1.655912757,24.86723518,13.90999985,7.853899956,0.7214,8.299092293,6.726445198
2022/10/5,6.147600174,1.679707408,58.63999939,1.653988481,24.74614334,13.75,7.874867439,0.7186,8.280145645,6.674637794
2022/10/6,6.133699894,1.663067222,58.63999939,1.628009558,23.63036156,13.42000008,7.833845139,0.7159,8.289618492,6.640099049
2022/10/9,6.060100079,1.639010191,56.90999985,1.594333172,23.0854454,13.35999966,7.818347454,0.7141,8.289618492,6.614195824
2022/10/10,6.048500061,1.610864639,56.68999863,1.568354368,22.47998238,13.28999996,7.759086609,0.7104,8.280145645,6.579657078
2022/10/11,6.007900238,1.609723449,57.40999985,1.564505696,22.40213585,13.23999977,7.754530907,0.7058,8.251723289,6.553752899
2022/10/12,5.907700062,1.589184761,57.40999985,1.551035047,22.72216606,13.56999969,7.717151165,0.7031,8.261198044,6.501943588
2022/10/13,5.907899857,1.596601486,58.36999893,1.548148513,21.91776466,13.11999989,7.773677826,0.6985,8.21382618,6.501943588
2022/10/16,5.857900143,1.587758541,58.38999939,1.567392111,22.72216606,13.46000004,7.77641058,0.6931,8.16645813,6.510578156
2022/10/17,5.883100033,1.604493737,59.11000061,1.567392111,22.99894905,13.57999992,7.848431587,0.6876,8.175931931,6.527848244
2022/10/18,5.873799801,1.591562152,58.11000061,1.546224236,22.80866241,13.53999996,7.798289299,0.6903,8.194881439,6.476038456
2022/10/19,5.867300034,1.575492382,57.68999863,1.551997304,22.94705391,13.38000011,7.789172649,0.6921,8.156984329,6.432865143
2022/10/20,5.775800228,1.571023226,58.04999924,1.544299841,23.47467041,13.71000004,7.765469551,0.6876,8.128562927,6.406961918
2022/10/23,5.775800228,1.571023226,59.58000183,1.544299841,23.63036156,13.71000004,7.801936626,0.6839,8.119091034,6.432865143
2022/10/24,5.833099842,1.535650969,59.95000076,1.453854799,24.21852493,14.06999969,7.850254536,0.6803,8.100142479,6.493309498
2022/10/25,5.867899895,1.545635104,60.72999954,1.474060535,23.69090652,13.86999989,7.872134209,0.6812,8.147511482,6.545118809
2022/10/26,5.879899979,1.556094646,60.43999863,1.469249725,23.60441399,13.81999969,7.927744389,0.6766,8.175931931,6.588291645
2022/10/27,5.958099842,1.534034371,60.81999969,1.413443327,24.10608292,14.18000031,7.964212418,0.6784,8.194881439,6.588291645
2022/10/30,6.008500099,1.534034371,61.25,1.385540128,23.88119698,14.15999985,7.944152832,0.6794,8.185407639,6.583093643
2022/10/31,6.085400105,1.587187886,61.25,1.435573339,23.68225861,14.15999985,7.903129101,0.683,8.185407639,6.609080315
2022/11/1,6.089399815,1.596696615,61.52000046,1.453854799,22.76541328,13.68999958,7.880340576,0.6894,8.175931931,6.609080315
2022/11/2,6.016200066,1.571498632,60.5,1.457703471,22.4540329,13.56000042,7.818347454,0.6949,8.185407639,6.565769672
2022/11/3,6.074299812,1.590610981,60.97999954,1.514472246,22.56647682,13.53999996,7.837489605,0.7013,8.156984329,6.591755867
2022/11/6,6.112400055,1.616855025,60.97000122,1.530829191,22.88650513,13.65999985,7.828373909,0.7122,8.156984329,6.626403332
2022/11/7,6.13049984,1.624557137,60.97000122,1.520245314,23.18058777,13.72999954,7.834755421,0.7168,8.147511482,6.65238905
2022/11/8,6.163300037,1.6295017,61.72999954,1.503888249,22.66162109,13.47000027,7.820170403,0.7214,8.175931931,6.661051273
2022/11/9,6.173699856,1.595555544,62.70999908,1.539488912,24.80669022,14.06999969,7.895837784,0.7214,8.185407639,6.782319546
2022/11/10,6.296800137,1.686648607,62.70999908,1.571240902,25.40350342,14.06000042,7.953271866,0.7204,8.185407639,6.842952251
2022/11/13,6.334799767,1.708899021,62.22999954,1.618387699,25.10077286,13.90999985,7.949627399,0.7195,8.308568001,6.877601147
2022/11/14,6.378200054,1.745317221,62.29000092,1.676118493,25.66298866,13.94999981,8.009793282,0.7204,8.251723289,6.938233852
2022/11/15,6.363299847,1.740277648,62.29000092,1.649177432,25.06617355,13.82999992,8.003412247,0.7223,8.289618492,6.964220524
2022/11/16,6.415200233,1.735047936,61.43000031,1.670345426,24.89318466,13.86999989,7.985177994,0.725,8.318039894,6.920910358
2022/11/17,6.395800114,1.731814981,62.34999847,1.64051795,24.80669022,13.92000008,7.989737034,0.7314,8.289618492,6.903585434
2022/11/20,6.358799934,1.718122482,62.66999817,1.620312095,24.50395775,13.93000031,7.999765873,0.7332,8.251723289,6.88626194
2022/11/21,6.368599892,1.713843465,62.79999924,1.613576889,24.89318466,14.10000038,8.010704041,0.736,8.261198044,6.920910358
2022/11/22,6.36439991,1.718122482,62.79999924,1.622236371,25.23916245,14.18999958,8.052641869,0.7387,8.280145645,6.964220524
2022/11/23,6.360000134,1.739516854,63.47000122,1.636669159,25.23916245,14.18999958,8.052641869,0.7451,8.280145645,6.964220524
2022/11/24,6.355199814,1.732004881,63.63999939,1.617425561,25.10077286,14.13000011,8.079080582,0.7497,8.308568001,7.007529259
2022/11/27,6.337600231,1.715174675,63.88999939,1.620312095,24.62504959,13.90999985,8.061757088,0.7542,8.336987495,7.01619339
2022/11/28,6.406300068,1.751117587,63.88999939,1.670345426,24.4520607,13.89000034,8.048995972,0.7561,8.318039894,7.033515453
2022/11/29,6.437099934,1.769849658,63.58000183,1.714605689,25.81002808,14.22999954,8.033495903,0.7579,8.289618492,7.09174633
2022/11/30,6.429699898,1.765856028,65.16000366,1.716530085,25.98301888,14.09000015,8.084547997,0.7579,8.299092293,7.169961452
2022/12/1,6.372799873,1.761006474,64.62000275,1.726151943,25.8186779,14.09000015,8.078168869,0.7579,8.35593605,7.187344074
2022/12/4,6.381199837,1.783351898,64.55000305,1.75020647,25.1872673,13.81000042,8.083636284,0.7588,8.35593605,7.169961452
2022/12/5,6.340600014,1.763859153,64.34999847,1.765601397,24.63369942,13.68000031,8.061757088,0.7625,8.318039894,7.143889427
2022/12/6,6.270500183,1.738375783,64.44000244,1.717492342,24.61639977,13.64000034,8.048086166,0.7625,8.336987495,7.161270618
2022/12/7,6.293000221,1.751688242,64.90000153,1.752130866,25.10077286,13.72000027,8.054463387,0.7652,8.365409851,7.178653717
2022/12/8,6.312699795,1.782210827,65.05000305,1.776185393,24.94508171,13.72000027,8.059022903,0.7634,8.365409851,7.169961452
2022/12/11,6.302700043,1.773462892,64.62999725,1.752130866,25.46405029,13.81999969,8.090932846,0.7615,8.365409851,7.169961452
2022/12/12,6.35340023,1.756917834,65.95999908,1.770412326,25.8532753,13.84000015,8.158394814,0.7588,8.336987495,7.222107887
2022/12/13,6.358399868,1.779643536,65.95999908,1.767525673,25.74083138,13.77000046,8.163862228,0.7588,8.365409851,7.230798244
2022/12/14,6.341899872,1.763573885,64.56999969,1.752130866,24.84128571,13.47999954,8.112808228,0.7606,8.34646225,7.230798244
2022/12/15,6.277200222,1.756347299,64.56999969,1.760790467,24.6596489,13.34000015,8.072697639,0.7588,8.365409851,7.196034431
2022/12/18,6.309000015,1.751592994,63.25,1.736735821,24.26177216,13.21000004,8.054463387,0.757,8.365409851,7.152579308
2022/12/19,6.301300049,1.726394892,63.22000122,1.704021811,24.28771973,13.17000008,8.021645546,0.757,8.384356499,7.117815495
2022/12/20,6.300799847,1.724588394,63.61000061,1.726151943,24.69424629,13.35999966,8.051729202,0.7579,8.374882698,7.143889427
2022/12/21,6.331200123,1.747028828,63.81999969,1.724227667,23.91579437,13.17000008,8.056287766,0.757,8.374882698,7.152579308
2022/12/22,6.305900097,1.731719851,63.61999893,1.715567946,23.92444229,13.25,8.044437408,0.7615,8.393831253,7.12650919
2022/12/26,6.319399834,1.731719851,63.61999893,1.734811544,23.63036156,13.25,8.038053513,0.7652,8.393831253,7.106051922
2022/12/27,6.309100151,1.731719851,64.01999664,1.727114081,23.31897926,12.97000027,8.016176224,0.7698,8.34646225,7.088263512
2022/12/28,6.290200233,1.726870418,64.04000092,1.744433284,24.0282383,13.21000004,7.975148201,0.7743,8.327513695,7.097158909
2022/12/29,6.287399769,1.730673909,63.68000031,1.731925011,23.94174194,13.10999966,7.975148201,0.7716,8.34646225,7.106084824
2023/1/1,6.287399769,1.730673909,63.90999985,1.731925011,23.94174194,13.10999966,7.975148201,0.7734,8.34646225,7.106084824
2023/1/2,6.289299965,1.724112988,63.90000153,1.793504596,23.86389732,13.06000042,7.977887154,0.7762,8.35593605,7.141794682
2023/1/3,6.281700134,1.745031834,63.90000153,1.845462322,24.01958847,13.14999962,7.991560459,0.7771,8.35593605,7.177503586
2023/1/4,6.360799789,1.76281321,63.20000076,1.866630316,23.41412354,13.01000023,8.016176224,0.778,8.393831253,7.150722504
2023/1/5,6.318900108,1.745697498,63.06999969,1.868554711,24.06283379,13.31999969,8.072697639,0.7816,8.384356499,7.1953578
2023/1/8,6.372799873,1.771180868,63.06999969,1.891646981,24.58180428,13.14000034,8.125575066,0.7835,8.431726456,7.239993572
2023/1/9,6.303199768,1.770325065,63.41999817,1.893571377,24.82398987,13.23999977,8.134691238,0.7825,8.450673103,7.21321249
2023/1/10,6.308199883,1.780689478,63.49000168,1.899344444,25.33430862,13.43000031,8.158394814,0.7835,8.441200256,7.248921871
2023/1/11,6.29820013,1.781259894,63.20000076,1.889722586,25.61109161,13.46000004,8.191213608,0.7835,8.469622612,7.311411381
2023/1/12,6.354199886,1.796378732,64.09999847,1.889722586,25.80138016,13.43000031,8.191213608,0.7835,8.507515907,7.32033968
2023/1/15,6.329100132,1.806362987,64.09999847,1.913777113,25.80138016,13.43000031,8.191213608,0.7835,8.507515907,7.32033968
2023/1/16,6.331299782,1.801038027,64.18000031,1.896457911,25.86192513,13.40999985,8.208536148,0.7844,8.469622612,7.32033968
2023/1/17,6.344200134,1.811972857,64.22000122,1.88298738,25.55919266,13.14000034,8.235884666,0.7825,8.469622612,7.409611702
2023/1/18,6.316800117,1.817678213,63.31999969,1.902230978,25.2218647,13.14999962,8.205800056,0.7862,8.52646637,7.391757011
2023/1/19,6.359000206,1.823763728,63.20999908,1.933982968,25.96572113,13.39000034,8.181184769,0.7853,8.507515907,7.373903751
2023/1/22,6.359000206,1.823763728,63.65000153,1.933982968,26.57983208,13.39000034,8.18847847,0.7825,8.507515907,7.373903751
2023/1/23,6.359000206,1.823763728,63.24000168,1.933982968,26.44144058,13.39000034,8.189388275,0.7825,8.507515907,7.382831573
2023/1/24,6.464799881,1.835079074,63.09999847,1.941680312,26.45873833,13.47000027,8.184830666,0.7825,8.507515907,7.382831573
2023/1/25,6.513899803,1.844397545,63.36000061,1.953226447,26.91716194,13.61999989,8.207623482,0.7835,8.488570213,7.382831573
2023/1/26,6.547399998,1.84782064,63.15000153,1.958037615,26.95175934,13.68000031,8.223119736,0.7789,8.488570213,7.373903751
2023/1/29,6.523799896,1.830705047,63.09999847,1.911852717,26.35494614,13.48999977,8.207623482,0.778,8.488570213,7.347119808
2023/1/30,6.511000156,1.805126667,63.09999847,1.888760567,26.83931732,13.48999977,8.203063965,0.7762,8.488570213,7.371304512
2023/1/31,6.530499935,1.824714661,63.22999954,1.909928441,27.75616074,13.82999992,8.187565804,0.7734,8.507515907,7.42504406
2023/2/1,6.502900124,1.824144244,62.70999908,1.890684843,28.7249012,14,8.298786163,0.7734,8.52646637,7.505654335
2023/2/2,6.533199787,1.847440362,62.58000183,1.88298738,28.04159164,13.93999958,8.278731346,0.7716,8.545413017,7.442957401
2023/2/5,6.535999775,1.847440362,62.52000046,1.852197528,27.69561386,13.92000008,8.205800056,0.7725,8.507515907,7.362348557
2023/2/6,6.541399956,1.812543511,61.95999908,1.853159785,28.38757133,14.10999966,8.177536964,0.767,8.469622612,7.335477352
2023/2/7,6.56580019,1.828137755,62.77000046,1.852197528,27.86860466,13.97999954,8.172066689,0.7661,8.479095459,7.335477352
2023/2/8,6.514200211,1.834318519,62.77000046,1.875289917,27.72156143,13.82999992,8.172982216,0.767,8.488570213,7.317564487
2023/2/9,6.509500027,1.82480967,62.45999908,1.85123539,27.46207809,13.90999985,8.095490456,0.767,8.469622612,7.254868507
2023/2/12,6.437300205,1.811592817,62.45999908,1.868554711,27.89455223,14.07999992,8.08181572,0.767,8.450673103,7.245910645
2023/2/13,6.433400154,1.821481705,63.18999863,1.858932853,28.21458054,14.06999969,8.090932846,0.767,8.450673103,7.245910645
2023/2/14,6.352900028,1.80465126,62.41999817,1.858932853,28.38757133,14.26000023,8.067228317,0.7643,8.393831253,7.219042301
2023/2/15,6.409800053,1.813589573,61.83000183,1.86470592,27.76480865,14.07999992,8.046260834,0.7606,8.393831253,7.210085392
2023/2/16,6.444900036,1.791053891,62.04999924,1.838726997,27.46207809,14,8.007059097,0.7643,8.384356499,7.174258232
2023/2/19,6.413599968,1.799516678,62.47000122,1.877214313,27.46207809,14,8.007059097,0.7661,8.384356499,7.174258232
2023/2/20,6.405700207,1.788771868,62,1.857008457,26.83931732,13.75,7.987914085,0.7661,8.393831253,7.120519161
2023/2/21,6.397200108,1.762432814,61.77999878,1.833916187,26.82201576,13.72999954,7.997031689,0.7652,8.393831253,7.120519161
2023/2/22,6.320199966,1.76946938,61.84000015,1.833916187,27.21124268,13.81999969,8.03258419,0.7652,8.34646225,7.174258232
2023/2/23,6.348199844,1.762337685,61.84000015,1.806975126,26.6576767,13.72999954,8.019822121,0.767,8.34646225,7.156345844
2023/2/26,6.295700073,1.746553421,61.27000046,1.810823798,26.83931732,13.77000046,8.023468018,0.7698,8.336987495,7.174258232
2023/2/27,6.293000221,1.741228461,60.45999908,1.794466853,26.8306675,13.72999954,8.03258419,0.7643,8.34646225,7.185049057
2023/2/28,6.271299839,1.772892475,60.45999908,1.84161365,26.66632652,13.61999989,7.983354568,0.7679,8.365409851,7.158071041
2023/3/1,6.224899769,1.770325065,60.11000061,1.852197528,26.92580986,13.77999973,7.957829475,0.7661,8.327513695,7.113108158
2023/3/2,6.215499878,1.787345529,60.83000183,1.860857248,27.41018105,13.97999954,8.016176224,0.757,8.327513695,7.158071041
2023/3/5,6.23029995,1.788201451,61.22000122,1.857008457,27.34098625,13.94999981,8.066314697,0.7579,8.336987495,7.194041729
2023/3/6,6.257599831,1.792860627,60.97999954,1.849311113,27.03825378,13.80000019,8.036231995,0.7606,8.336987495,7.176057816
2023/3/7,6.223599911,1.765190244,59.90999985,1.831991911,27.30638695,13.85999966,8.007059097,0.7615,8.327513695,7.1490798
2023/3/8,6.203800201,1.754540682,60.15999985,1.795428991,26.8306675,13.53999996,7.995209217,0.7615,8.336987495,7.1490798
2023/3/9,6.128499985,1.714223981,59.65000153,1.781958342,26.24250221,13.31999969,7.957829475,0.757,8.34646225,7.185049057
2023/3/12,6.047699928,1.727060676,60.15000153,1.798315406,26.39819336,13.22999954,7.928657532,0.7551,8.34646225,7.203036308
2023/3/13,6.037000179,1.696727872,60.18000031,1.794466853,27.06420326,13.43000031,7.976975918,0.7561,8.422253609,7.176057816
2023/3/14,6.112400055,1.711181045,59.47000122,1.779071808,27.00365639,13.35999966,7.903129101,0.7606,8.35593605,7.1490798
2023/3/15,6.077000141,1.695777178,59.47000122,1.779071808,27.79940605,13.35999966,7.903129101,0.7625,8.35593605,7.140088558
2023/3/16,6.133600235,1.695777178,60.04999924,1.794466853,27.75616074,13.32999992,7.933212757,0.7652,8.365409851,7.158071041
2023/3/19,6.047500134,1.69149828,60.5,1.785807014,27.74751091,13.40999985,7.925012112,0.767,8.393831253,7.12210083
2023/3/20,6.116899967,1.711181045,60.5,1.802164197,27.99834442,13.60000038,7.959654331,0.7661,8.403305054,7.140088558
2023/3/21,6.188000202,1.721640587,61.20999908,1.810823798,27.66101456,13.31000042,7.971503735,0.7634,8.384356499,7.176057816
2023/3/22,6.199100018,1.725349069,61.13000107,1.83295393,28.17998505,13.23999977,8.011617661,0.7634,8.43769455,7.212028503
2023/3/23,6.178100109,1.734477401,60.56999969,1.819483519,28.02429581,13.39000034,7.963299274,0.7634,8.47293663,7.203036308
2023/3/26,6.228300095,1.722876787,60.56999969,1.79639101,27.89455223,13.40999985,7.97606039,0.7643,8.476917267,7.176057816
2023/3/27,6.27159977,1.727345705,61.72000122,1.840651393,27.67831421,13.35999966,7.97606039,0.7615,8.45588398,7.158071041
2023/3/28,6.282999992,1.741799116,61.72000122,1.852197528,28.35297394,13.57999992,7.985177994,0.7606,8.44081974,7.176057816
2023/3/29,6.277900219,1.748264909,61.95000076,1.852197528,28.7249012,13.57999992,7.985177994,0.7615,8.440345764,7.212028503
2023/3/30,6.282599926,1.755681753,62.49000168,1.866630316,29.23521805,13.85999966,8.082726479,0.7597,8.440345764,7.273467541
2023/4/2,6.3270998,1.735713363,62.49000168,1.855084062,29.07088089,13.89000034,8.083636284,0.7615,8.484400749,7.309608459
2023/4/3,6.383600235,1.735428095,63.31999969,1.847386718,28.94113731,13.76000023,8.096399307,0.7606,8.509886742,7.318645
2023/4/4,6.386400223,1.740943074,63.77999878,1.839689255,28.43082047,13.71000004,8.063580513,0.7615,8.509886742,7.309608459
2023/4/5,6.365499973,1.733621478,64.18000031,1.854122043,28.56056023,13.81000042,8.051729202,0.7643,8.549108505,7.300573349
2023/4/9,6.367099762,1.733621478,64.18000031,1.866630316,28.66435432,13.81000042,8.057200432,0.7634,8.549108505,7.282503605
2023/4/10,6.370999813,1.750546932,64.18000031,1.887798309,28.51731491,13.84000015,8.057200432,0.7625,8.508558273,7.273467541
2023/4/11,6.339399815,1.744176149,64.87000275,1.860857248,28.26647949,13.73999977,8.104606628,0.7643,8.513391495,7.282503605
2023/4/12,6.361899853,1.736664295,65.02999878,1.86470592,28.7594986,13.85999966,8.121926308,0.7606,8.525705338,7.282503605
2023/4/13,6.380400181,1.758058667,65.40000153,1.867592454,28.67300606,13.89000034,8.119190216,0.7615,8.524947166,7.282503605
2023/4/16,6.412099838,1.759389997,65.02999878,1.890684843,28.6211071,14,8.102783203,0.7625,8.476538658,7.246361732
2023/4/17,6.389699936,1.7508322,64.91999817,1.893571377,28.68165207,14,8.106427193,0.7597,8.45579052,7.237326622
2023/4/18,6.420400143,1.737615108,64.87000275,1.877214313,28.51731491,13.98999977,8.079080582,0.7597,8.457115173,7.20118475
2023/4/19,6.398099899,1.737710118,64.58999634,1.872403383,28.43946838,13.86999989,8.067228317,0.7588,8.44593811,7.210220337
2023/4/20,6.410200119,1.732765675,64.58999634,1.84161365,28.43946838,13.92000008,8.073607445,0.7606,8.462611198,7.20118475
2023/4/23,6.424699783,1.734192014,65.45999908,1.819483519,28.28377724,13.90999985,8.090932846,0.7615,8.451052666,7.210220337
2023/4/24,6.375500202,1.719738841,65.44999695,1.798315406,27.48802757,13.71000004,8.102783203,0.7606,8.46336937,7.246361732
2023/4/25,6.361800194,1.718122482,63.91999817,1.80986166,27.90320015,13.60999966,8.101870537,0.7597,8.49378109,7.246361732
2023/4/26,6.35559988,1.735142827,63.86999893,1.817559123,28.56921005,13.86999989,8.088195801,0.757,8.479286194,7.228291988
2023/4/27,6.370800018,1.73599875,64.34999847,1.825256586,28.73355103,13.97000027,8.113720894,0.7561,8.45361042,7.282707214
2023/4/28,6.370800018,1.73599875,64.34999847,1.825256586,28.81139565,13.97000027,8.071784973,0.7542,8.45361042,7.255500317
2023/5/1,6.408500195,1.740182638,65.08000183,1.803126335,28.56056023,13.82999992,8.054463387,0.7533,8.423675537,7.264568329
2023/5/2,6.389999866,1.724873543,65.18000031,1.795428991,28.34432411,13.64000034,8.045349121,0.7515,8.465927124,7.291777134
2023/5/3,6.398600101,1.737805367,64.59999847,1.818521261,28.34432411,13.48999977,8.023468018,0.7515,8.503348351,7.291777134
2023/5/4,6.394299984,1.728772283,64.62000275,1.828143001,28.7594986,13.75,8.041702271,0.7515,8.513391495,7.273638248
2023/5/7,6.412399769,1.735523343,64.98000336,1.839689255,28.83734322,13.75,8.030761719,0.7497,8.513391495,7.255500317
2023/5/8,6.400000095,1.72392261,64.98000336,1.822370052,28.63840675,13.75,8.028027534,0.7488,8.513391495,7.237360477
2023/5/9,6.401800156,1.720119238,64.83000183,1.815634727,28.99303436,13.73999977,8.053553581,0.7497,8.448494911,7.255500317
2023/5/10,6.373899937,1.719168305,64.5,1.817559123,28.87194252,13.78999996,8.046260834,0.7524,8.496432304,7.282707214
2023/5/11,6.325799942,1.726014733,64.94999695,1.792542458,28.80274773,13.78999996,8.044437408,0.7533,8.51149559,7.255500317
2023/5/14,6.343500137,1.739041328,64.65000153,1.827180982,29.2179203,13.88000011,8.028938293,0.7524,8.448591232,7.210153103
2023/5/15,6.329999924,1.742179394,64.33000183,1.817559123,29.26981735,13.77999973,8.014353752,0.7533,8.443094254,7.182944775
2023/5/16,6.24630022,1.730198503,63.72999954,1.800239801,29.74553871,14,7.997031689,0.7533,8.408326149,7.173874378
2023/5/17,6.2645998,1.741228461,63.72999954,1.801202059,30.45479584,14,7.99064827,0.7533,8.408326149,7.155735493
2023/5/18,6.301599979,1.745887756,64.63999939,1.77810967,30.35965157,14.13000011,7.996118546,0.7561,8.341724396,7.146666527
2023/5/21,6.296800137,1.754065275,64.41999817,1.792542458,30.55859184,14.13000011,7.997943401,0.7561,8.334998131,7.128528595
2023/5/22,6.31799984,1.739136577,63.97999954,1.770412326,30.07421875,13.97999954,8.002501488,0.7551,8.339073181,7.128528595
2023/5/23,6.317599773,1.718788147,62.97999954,1.730000615,29.83203697,13.89000034,7.966948509,0.757,8.352999687,7.128528595
2023/5/24,6.309000015,1.71327281,62.36000061,1.711719275,30.93051529,14.10000038,7.9523592,0.7579,8.342199326,7.110388756
2023/5/25,6.300799847,1.714318991,62.72999954,1.731925011,31.91655922,14.26000023,7.948712349,0.7597,8.342199326,7.110388756
2023/5/28,6.287799835,1.714128852,62.72999954,1.712681293,31.91655922,14.26000023,7.948712349,0.7597,8.342199326,7.110388756
2023/5/29,6.270800114,1.71042037,62.45999908,1.697286606,31.90790749,14.25,7.981534481,0.7597,8.30269146,7.155735493
2023/5/30,6.208499908,1.68902576,61.66999817,1.673231959,31.67436981,14.18999958,7.975148201,0.7606,8.354987144,7.185790062
2023/5/31,6.226500034,1.682940483,62.09000015,1.698248625,32.08089828,14.30000019,7.9468894,0.7588,8.372894287,7.194898605
2023/6/1,6.226500034,1.682940483,62.93000031,1.698248625,32.17604065,14.30000019,7.981534481,0.7588,8.39089489,7.213112831
2023/6/4,6.279900074,1.682940483,63.58000183,1.748282194,32.11549759,14.53999996,8.005233765,0.7597,8.362377167,7.222220421
2023/6/5,6.287899971,1.728486896,63.41999817,1.76848793,32.22793579,14.59000015,8.006147385,0.7588,8.376304626,7.2404356
2023/6/6,6.268000126,1.734572411,62.93999863,1.765601397,31.5273304,14.43999958,8.010704041,0.7588,8.376019478,7.231328011
2023/6/7,6.279699802,1.724778414,62.86000061,1.780034065,31.80411339,14.53999996,7.991560459,0.7588,8.334429741,7.231328011
2023/6/8,6.286699772,1.731339455,63.15000153,1.779071808,31.88195992,14.52999973,8.022556305,0.757,8.36465168,7.2404356
2023/6/11,6.299499989,1.742845058,63.08000183,1.784844995,32.5047226,14.65999985,8.028027534,0.7533,8.351577759,7.258650303
2023/6/12,6.292500019,1.749976635,63.5,1.7915802,32.7901535,14.72999954,8.043523788,0.7533,8.349589348,7.258650303
2023/6/13,6.355700016,1.741418719,63.43000031,1.799277663,32.98044205,14.72999954,8.048995972,0.7524,8.312450409,7.276865959
2023/6/14,6.385399818,1.749405861,63.81000137,1.822370052,33.26587296,14.72999954,8.046260834,0.7478,8.266121864,7.285973549
2023/6/15,6.420499802,1.764904857,64.66000366,1.838726997,32.86800003,14.81999969,8.056287766,0.7478,8.293977737,7.295080185
2023/6/18,6.396699905,1.754635692,64.05999756,1.825256586,32.86800003,14.81999969,8.056287766,0.7488,8.293977737,7.295080185
2023/6/19,6.343699932,1.747979641,63.86999893,1.789655805,32.73825455,14.82999992,8.050818443,0.7497,8.266976357,7.285973549
2023/6/20,6.34499979,1.732956052,63.77000046,1.770412326,32.2971344,14.73999977,8.028938293,0.7533,8.27929306,7.304189205
2023/6/21,6.351299763,1.727535963,64.23999786,1.765601397,32.59986115,14.78999996,7.997031689,0.7561,8.27929306,7.304189205
2023/6/22,6.298600197,1.720689774,64.23999786,1.75020647,32.27118683,14.78999996,7.98609066,0.7551,8.27929306,7.340618134
2023/6/25,6.286600113,1.718027353,64.23999786,1.753093004,31.99440193,14.72000027,7.988824844,0.7551,8.262049675,7.349724293
2023/6/26,6.313099861,1.726109743,63.18999863,1.780034065,32.67770767,14.81999969,8.004322052,0.7551,8.274839401,7.349724293
2023/6/27,6.322400093,1.735333204,63.45999908,1.781958342,32.68635941,14.89000034,8.03258419,0.7551,8.253334999,7.358833313
2023/6/28,6.322400093,1.735333204,63.29000092,1.781958342,32.66041183,14.89000034,8.027116776,0.7542,8.280049324,7.322403431
2023/6/29,6.343999863,1.724398255,64.16999817,1.769450068,33.11018372,15.14000034,8.046260834,0.7542,8.23609066,7.372713089
2023/7/2,6.341599941,1.739766359,63.63999939,1.77810967,33.07558823,15.10000038,8.006147385,0.7533,8.239975929,7.372713089
2023/7/3,6.343299866,1.745337129,63.61000061,1.799277663,33.07558823,15.10000038,8.006147385,0.7524,8.239975929,7.372713089
2023/7/4,6.300199986,1.737845302,63.68000031,1.780996203,32.91124725,15.10999966,8.009793282,0.7542,8.239975929,7.363564491
2023/7/5,6.213699818,1.713448405,63.09999847,1.746357799,32.56526947,15.02999973,7.9468894,0.7533,8.189195633,7.290386677
2023/7/6,6.176300049,1.682712078,62.79000092,1.752130866,32.46147156,14.93999958,7.958739758,0.7533,8.159731865,7.262945175
2023/7/9,6.191699982,1.68309629,62.86999893,1.762714863,32.62581253,14.93999958,7.958739758,0.7561,8.168069839,7.272092819
2023/7/10,6.224500179,1.697984219,62.91999817,1.763676882,32.73825455,15.01000023,7.981534481,0.7515,8.199809074,7.317828655
2023/7/11,6.235300064,1.690300107,62.97000122,1.770412326,33.12748337,14.98999977,8.066314697,0.7488,8.226428032,7.381859303
2023/7/12,6.359000206,1.715465546,62.97000122,1.789655805,33.75024414,15.02999973,8.106427193,0.746,8.226428032,7.445891857
2023/7/13,6.373899937,1.722381234,63.90999985,1.780996203,33.75024414,14.98999977,8.109164238,0.7488,8.312166214,7.445891857
2023/7/16,6.398099899,1.724590302,63.90999985,1.762714863,34.14812088,15.11999989,8.08910656,0.7488,8.312166214,7.445891857
2023/7/17,6.401199818,1.713160157,63.99000168,1.745395541,34.4335556,15.22000027,8.10551548,0.7497,8.251912117,7.455038548
2023/7/18,6.447100163,1.71488905,64.56999969,1.758866072,34.23461533,15.27999973,8.118279457,0.7497,8.239786148,7.464185715
2023/7/19,6.440299988,1.716233969,64.77999878,1.7550174,33.28317261,15.14000034,8.101870537,0.746,8.273608208,7.436743736
2023/7/20,6.454999924,1.711431384,65.11000061,1.758866072,33.27452469,15.22000027,8.097313881,0.7442,8.230502129,7.436743736
2023/7/23,6.41809988,1.695775032,65.29000092,1.757903934,33.26587296,15.27000046,8.111899376,0.7424,8.23656559,7.436743736
2023/7/24,6.458799839,1.721612811,65.11000061,1.797353387,33.67240143,15.27999973,8.100048065,0.7396,8.227561951,7.418448925
2023/7/25,6.488699913,1.715849638,64.44000244,1.799277663,33.31777191,15.27999973,8.097313881,0.736,8.213545799,7.427596092
2023/7/26,6.55039978,1.737172961,64.94000244,1.814672589,33.40426636,15.21000004,8.118279457,0.7369,8.223490715,7.427596092
2023/7/27,6.624899864,1.738517523,64.33000183,1.858932853,34.0529747,15.38000011,8.108252525,0.7341,8.195354462,7.445891857
2023/7/30,6.636700153,1.738613725,64.33000183,1.87817657,34.18272018,15.38000011,8.119190216,0.7341,8.211744308,7.494569302
2023/7/31,6.642000198,1.741014957,64.33000183,1.86091125,34.14812088,15.40999985,8.064490318,0.7378,8.210227966,7.448646069
2023/8/1,6.552000046,1.723053575,64.33000183,1.826577187,33.03233719,15.27000046,8.03258419,0.7378,8.184080124,7.393538475
2023/8/2,6.510700226,1.712776184,63.38000107,1.846196651,33.05828857,15.23999977,8.006147385,0.736,8.184932709,7.347616196
2023/8/3,6.500100136,1.705380321,63.59999847,1.834424973,33.02368927,15.06000042,8.018912315,0.736,8.15527916,7.393538475
2023/8/6,6.548299789,1.705380321,63.52000046,1.817748427,33.39561844,15.25,8.045349121,0.7387,8.204828262,7.384355545
2023/8/7,6.552499771,1.697888136,63.52000046,1.79714787,32.98044205,15.27000046,8.030761719,0.7396,8.190995216,7.402724266
2023/8/8,6.552499771,1.697888136,64.79000092,1.79714787,32.59986115,15.27000046,8.059022903,0.7405,8.218943596,7.421093464
2023/8/9,6.560400009,1.694718599,65.16000366,1.819710374,32.70365906,15.27000046,8.082726479,0.7387,8.221691132,7.411907673
2023/8/10,6.525899887,1.683288574,65.16000366,1.771642566,32.27983475,15.14999962,8.058113098,0.7369,8.179058075,7.393538475
2023/8/13,6.468800068,1.67387557,64.83000183,1.767718673,32.7555542,15.30000019,8.049905777,0.7369,8.157552719,7.347616196
2023/8/14,6.402800083,1.664654732,64.83000183,1.749080062,32.42687607,15.30000019,8.037144661,0.736,8.157552719,7.292509556
2023/8/15,6.367599964,1.655817986,64.65000153,1.729460597,32.10684586,15.02000046,8.048086166,0.7369,8.109235764,7.274140835
2023/8/16,6.333399773,1.650823355,64.65000153,1.73632741,31.73491669,14.85999966,7.995209217,0.736,8.090196609,7.255772114
2023/8/17,6.28429985,1.629212022,63.61000061,1.704936147,31.79546165,14.85999966,7.983354568,0.736,8.079678535,7.246585846
2023/8/20,6.247300148,1.618550181,63.91999817,1.689240575,32.42687607,14.98999977,7.978797436,0.736,8.102416039,7.219033241
2023/8/21,6.251699924,1.622680545,63.91999817,1.698069334,32.37497711,14.94999981,7.993384361,0.7351,8.074372292,7.228217602
2023/8/22,6.282999992,1.622200251,64.19999695,1.701012254,32.94584274,15.06999969,8.019822121,0.7341,8.077689171,7.292509556
2023/8/23,6.29309988,1.641602635,64.41000366,1.700031281,32.21928787,14.86999989,8.027116776,0.7341,8.136616707,7.301694393
2023/8/24,6.3197999,1.627290964,63.72999954,1.701012254,32.43552399,14.97999954,8.015264511,0.7341,8.125247002,7.292509556
2023/8/27,6.374700069,1.631517291,64.37999725,1.722593784,32.67770767,14.97999954,8.038053513,0.7341,8.125247002,7.301694393
2023/8/28,6.38079977,1.642274857,64.37999725,1.752022982,33.36101913,15.27999973,8.07634449,0.7305,8.135574341,7.347616196
2023/8/29,6.371900082,1.641410351,65.18000031,1.743194222,33.55130768,15.28999996,8.103693962,0.7314,8.177731514,7.356801033
2023/8/30,6.39659977,1.638240695,64.73999786,1.735346437,33.65510178,15.28999996,8.097313881,0.7296,8.171289444,7.388161182
2023/8/31,6.39659977,1.638240695,64.73999786,1.735346437,33.76754761,15.28999996,8.049905777,0.7287,8.171289444,7.36971426
2023/9/3,6.405499935,1.668880701,64.34999847,1.784395218,33.76754761,15.28999996,8.049905777,0.7278,8.171289444,7.36971426
2023/9/4,6.383299828,1.657835007,64.11000061,1.769680619,33.85403824,15.39000034,8.039880753,0.7259,8.150071144,7.332820892
2023/9/5,6.378600121,1.659179568,63.15000153,1.774585485,33.61185455,15.35000038,8.012529373,0.7268,8.123825073,7.305148125
2023/9/6,6.388299942,1.647461653,63.15000153,1.742213249,33.28317261,15.35999966,8.008880615,0.7243,8.108953476,7.314372063
2023/9/7,6.341899872,1.639297247,63.81000137,1.733384371,33.20532608,15.35000038,8.023468018,0.7215,8.108953476,7.332820892
2023/9/10,6.363999844,1.644387841,63.84000015,1.740251303,33.41291809,15.40999985,8.017086029,0.7215,8.137752533,7.323596478
2023/9/11,6.359099865,1.656106234,63.74000168,1.743194222,33.00638962,15.35000038,8.028938293,0.7206,8.127235413,7.314372063
2023/9/12,6.365200043,1.648902297,64.01999664,1.738289356,33.14478302,15.31999969,8.029849052,0.7206,8.13263607,7.323596478
2023/9/13,6.42539978,1.653800845,63.95000076,1.746137142,33.32641983,15.48999977,8.045349121,0.7243,8.140688896,7.332820892
2023/9/14,6.481800079,1.664366484,64.11000061,1.740251303,32.60851669,15.27999973,8.041702271,0.7261,8.136980057,7.323596478
2023/9/17,6.445899963,1.649190545,63.25,1.739270329,32.73825455,15.31999969,8.034405708,0.7243,8.113949776,7.314372063
2023/9/18,6.413099766,1.644772172,63.31999969,1.744175196,32.59121704,15.27999973,8.025291443,0.7243,8.121562004,7.295924664
2023/9/19,6.40929985,1.63247776,63.31999969,1.741232276,32.10684586,15.10000038,8.028027534,0.7234,8.115757942,7.314372063
2023/9/20,6.330200195,1.619799018,63,1.711802959,31.50138092,14.96000004,7.989737034,0.7206,8.109189987,7.249806881
2023/9/21,6.341599941,1.622968554,63,1.743194222,31.59652519,14.86999989,7.988824844,0.7179,8.069224358,7.249806881
2023/9/24,6.363800049,1.616437078,62.47000122,1.721612692,31.73491669,14.97000027,7.971503735,0.7169,8.086925507,7.212912083
2023/9/25,6.366000175,1.602029681,62.66999817,1.711802959,31.22459793,14.77000046,7.956919193,0.7169,8.048862457,7.185241222
2023/9/26,6.347300053,1.608176827,62.38999939,1.718669772,31.43218613,14.84000015,7.949627399,0.7179,8.038964272,7.157570839
2023/9/27,6.360000134,1.588870525,62.38999939,1.699050307,31.65707207,14.89999962,7.926833153,0.7179,8.025450706,7.12067461
2023/9/28,6.381199837,1.60827291,62.34000015,1.713764906,31.75221634,14.78999996,7.966948509,0.7169,8.041057587,7.17537117
2023/10/1,6.375599861,1.60827291,62.34000015,1.714745998,32.01169968,14.93000031,7.929113388,0.7169,8.041057587,7.129018784
2023/10/2,6.338099957,1.575903773,61.34999847,1.680411816,31.35434151,14.72000027,7.871403217,0.7179,8.00556469,7.054853916
2023/10/3,6.252200127,1.571389556,61.34999847,1.680411816,31.79546165,14.72000027,7.871403217,0.7179,7.948468208,7.03631258
2023/10/4,6.270999908,1.574078918,61.34999847,1.664716125,31.78681564,14.78999996,7.8558321,0.7188,7.948468208,7.03631258
2023/10/5,6.313399792,1.58378005,61.83000183,1.689240575,32.45282364,14.98999977,7.826518536,0.7199,7.976253986,7.008503437
2023/10/8,6.288400173,1.579841852,62.56999969,1.684335709,32.55661774,15.03999996,7.8558321,0.7236,7.976253986,7.027043343
2023/10/9,6.35739994,1.585893154,62.61000061,1.699050307,32.78150558,15.09000015,7.918121338,0.7282,7.948657036,7.073395729
2023/10/10,6.337299824,1.589447021,63.20000076,1.706898093,33.06693649,15.13000011,7.936440945,0.7272,8.004040718,7.110477448
2023/10/11,6.40530014,1.607504368,63.20000076,1.713764906,32.9977417,15.11999989,7.915373325,0.7291,8.033064842,7.082665443
2023/10/12,6.348199844,1.586661458,63.11000061,1.690221548,32.47877121,15.03999996,7.905295849,0.7309,7.991005898,7.082665443
2023/10/15,6.294000149,1.573118329,63.09000015,1.684335709,32.81610107,15.21000004,7.891554832,0.73,8.021018982,7.064124584
2023/10/16,6.303500175,1.578497171,63.09000015,1.677468896,32.74690628,15.22999954,7.867740631,0.7282,7.996452808,7.045585155
2023/10/17,6.2354002,1.575519681,62.97000122,1.664716125,32.15008926,15.01000023,7.849421978,0.7337,7.941678524,7.008503437
2023/10/18,6.1729002,1.552179456,62.97000122,1.641172647,31.88195992,14.90999985,7.82010746,0.7337,7.914244652,7.027043343
2023/10/19,6.131000042,1.546896458,61.68999863,1.616648316,31.44083214,14.71000004,7.802702427,0.7355,7.883462906,7.03631258
2023/10/22,6.094299793,1.530663967,61.43000031,1.612724423,31.51867867,14.69999981,7.803618431,0.7364,7.883462906,7.027043343
2023/10/23,6.146100044,1.535850644,61.25999832,1.636267781,31.74356651,14.72999954,7.843924046,0.7364,7.930207729,7.064124584
2023/10/24,6.133299828,1.541613698,60.75999832,1.637248874,30.97376442,14.55000019,7.846672058,0.7401,7.951524734,7.054853916
2023/10/25,6.106900215,1.52048254,60.75999832,1.631362915,30.44614601,14.39999962,7.817358971,0.7401,7.912142277,7.073395729
2023/10/26,6.090300083,1.534794331,59.68000031,1.650982499,30.54129028,14.31000042,7.833847046,0.7411,7.952385902,7.091937065
2023/10/29,6.091300011,1.534794331,59.36000061,1.646077633,30.80942345,14.46000004,7.832017422,0.7392,7.964715958,7.082665443
2023/10/30,6.094799995,1.533641458,59.61000061,1.622534275,31.01701164,14.57999992,7.853081703,0.7401,7.938140392,7.116197109
2023/10/31,6.1177001,1.532200694,59.61000061,1.635286927,31.5273304,14.57999992,7.868928909,0.7411,7.938140392,7.14414072
2023/11/1,6.137899876,1.541517615,60.77999878,1.64215374,32.09819412,14.92000008,7.953679562,0.7438,8.008975029,7.227971554
2023/11/2,6.26940012,1.554676652,61.13000107,1.661773205,32.58256531,14.97000027,8.025533676,0.7438,8.04711628,7.293171883
2023/11/5,6.330500126,1.578689218,61.36999893,1.666678071,32.66041183,14.94999981,8.038428307,0.7449,8.091278076,7.265229702
2023/11/6,6.34250021,1.567451358,61.34000015,1.655887365,33.06693649,15.06999969,8.006189346,0.7458,8.059638023,7.274542332
2023/11/7,6.257500172,1.56351316,61.34000015,1.653925419,33.25722504,15.09000015,8.020926476,0.7486,8.085450172,7.274542332
2023/11/8,6.255199909,1.554676652,61.16999817,1.647058606,33.07558823,15,8.01540184,0.7505,8.090896606,7.246600151
2023/11/9,6.203499794,1.545263648,60.20000076,1.633324862,33.97512817,15.27999973,8.002504349,0.7505,8.04338932,7.237285614
2023/11/12,6.203499794,1.545263648,60.56999969,1.633324862,33.86268997,15.27999973,8.003424644,0.7477,8.03994751,7.218656063
2023/11/13,6.183100224,1.539308429,60.56999969,1.658830285,34.63249207,15.43999958,8.069749832,0.7477,8.03994751,7.293171883
2023/11/14,6.241499901,1.579553723,61.18000031,1.701012254,34.59789658,15.43000031,8.078964233,0.7486,8.087264061,7.293171883
2023/11/15,6.243899822,1.569756627,61.18000031,1.64509666,34.753582,15.35999966,8.071593285,0.7505,8.053425789,7.32111454
2023/11/16,6.235000134,1.559671283,61.52000046,1.638229728,34.71898651,15.35999966,8.07343483,0.7597,8.087264061,7.330429077
2023/11/19,6.210499763,1.567163229,61.77999878,1.660792232,35.22930145,15.42000008,8.086334229,0.7597,8.079044342,7.358372211
2023/11/20,6.182300091,1.569564462,62.15000153,1.650982499,35.03036499,15.36999989,8.099228859,0.7597,8.095678329,7.395629883
2023/11/21,6.215400219,1.571005344,62.34000015,1.656868339,35.12551498,15.53999996,8.11489296,0.7606,8.097015381,7.404943943
2023/11/22,6.21089983,1.578209043,62.45999908,1.674525976,35.12551498,15.53999996,8.11489296,0.7606,8.097015381,7.404943943
2023/11/23,6.177100182,1.562072396,62.70999908,1.665697098,35.07361603,15.51000023,8.117653847,0.7616,8.073883057,7.404943943
2023/11/26,6.15749979,1.55659759,62.70999908,1.64509666,35.09091187,15.46000004,8.117653847,0.7606,8.052373886,7.414258957
2023/11/27,6.131899834,1.549105525,62.09000015,1.630381942,35.15146255,15.40999985,8.140683174,0.7616,8.098543167,7.432887077
2023/11/28,6.153399944,1.551987171,62.20000076,1.607819557,35.36769485,15.35000038,8.194114685,0.7634,8.140412331,7.498087883
2023/11/29,6.117599964,1.552563429,62.04000092,1.621553183,35.26390457,15.47999954,8.208852768,0.7634,8.183334351,7.510246277
2023/11/30,6.177899837,1.549105525,62.72999954,1.596047759,35.41959381,15.55000019,8.20413208,0.7634,8.162304878,7.547656536
2023/12/3,6.154900074,1.553139687,62.72999954,1.587219119,34.97846603,15.44999981,8.223572731,0.7597,8.214881897,7.547656536
2023/12/4,6.145899773,1.537291408,62.72999954,1.568580508,35.04766846,15.47000027,8.236530304,0.7606,8.195953369,7.585066795
2023/12/5,6.163499832,1.540941477,62.63000107,1.566618562,34.77088547,15.43999958,8.253190994,0.7606,8.221475601,7.631831169
2023/12/6,6.133900166,1.531912565,62.25,1.558770776,35.26366806,15.56000042,8.248563766,0.7634,8.241645813,7.622479439
2023/12/7,6.194499969,1.538732171,62.49000168,1.549942017,35.4646225,15.63000011,8.229125977,0.7643,8.236868858,7.594420433
2023/12/10,6.148499966,1.540941477,62.90000153,1.557789803,35.74421692,15.75,8.237457275,0.7625,8.198055267,7.575716019
2023/12/11,6.181499958,1.545647979,62.90999985,1.556808829,36.01507187,15.82999992,8.237457275,0.7606,8.21000576,7.594420433
2023/12/12,6.190000057,1.536234975,63.43999863,1.538170218,36.29466629,16,8.256895065,0.7597,8.213925362,7.650537968
2023/12/13,6.227099895,1.548241258,64.26000214,1.55386591,36.29466629,15.84000015,8.392040253,0.7597,8.339532852,7.781475544
2023/12/14,6.194099903,1.577536821,63.45999908,1.58133316,36.32087708,15.86999989,8.401299477,0.7606,8.364590645,7.800181389
2023/12/17,6.197500229,1.567739606,63.75999832,1.559751749,36.62667847,15.97999954,8.393894196,0.7597,8.355469704,7.790829182
2023/12/18,6.205200195,1.556789756,63.97000122,1.566618562,36.70531464,16.03000069,8.413330078,0.7606,8.349902153,7.800181389
2023/12/19,6.181000233,1.560439706,63.88999939,1.558770776,36.21603012,15.81000042,8.433696747,0.7615,8.359023094,7.828240395
2023/12/20,6.198400021,1.559479117,63.84999847,1.568580508,36.67910385,15.93999958,8.444806099,0.7625,8.388881683,7.828240395
2023/12/21,6.251299858,1.551218748,64.44999695,1.548960924,36.68784332,15.92000008,8.450358391,0.7643,8.398673058,7.828240395
2023/12/25,6.248600006,1.551218748,64.44999695,1.54503715,36.87132645,15.92000008,8.460539818,0.7662,8.398673058,7.828240395
2023/12/26,6.311699867,1.551218748,64.58000183,1.550922871,36.94996262,15.97999954,8.470721245,0.7681,8.396274567,7.85629797
2023/12/27,6.392700195,1.592328548,65.25,1.586238027,36.99364853,15.93000031,8.472574234,0.7653,8.434004784,7.85629797
2023/12/28,6.441299915,1.594153523,65.06999969,1.594085932,36.84511185,15.90999985,8.478129387,0.7625,8.412883759,7.877892971
2024/1/1,6.420700073,1.584451318,65.06999969,1.594085932,35.98012161,15.90999985,8.478129387,0.7643,8.404051781,7.830945015
2024/1/2,6.367899895,1.569218993,65.06999969,1.594085932,35.52578354,15.90999985,8.478129387,0.7653,8.404051781,7.783997059
2024/1/3,6.317299843,1.568054795,65.06999969,1.594085932,35.35977554,15.90999985,8.478129387,0.7643,8.404051781,7.755829334
2024/1/4,6.343999863,1.559613824,65.06999969,1.594085932,35.42093658,15.90999985,8.478129387,0.7634,8.404051781,7.746438503
2024/1/7,6.340300083,1.546613097,65.06999969,1.594085932,36.38203812,16.02000046,8.478129387,0.7615,8.404051781,7.737048626
2024/1/8,6.36590004,1.553598642,66.98000336,1.531303406,36.46941376,16,8.423811913,0.7615,8.339915276,7.727659225
2024/1/9,6.324800014,1.551270127,67.04000092,1.527379513,36.78395081,16.12000084,8.438691139,0.7615,8.354317665,7.765219688
2024/1/10,6.365699768,1.559516788,67.11000061,1.529341459,36.9062767,16.12999916,8.455434799,0.7606,8.349902153,7.802776337
2024/1/11,6.342100143,1.562136531,67.20999908,1.539151192,37.01112366,16.12999916,8.47868824,0.7615,8.386865616,7.830945015
2024/1/14,6.343100071,1.564756036,66.91999817,1.529341459,37.01112366,16.12999916,8.47868824,0.7634,8.386865616,7.830945015
2024/1/15,6.325600147,1.549911737,66.62999725,1.514626861,37.09849548,16.15999985,8.47031498,0.7625,8.362957954,7.793385983
2024/1/16,6.242599964,1.512364626,66.38999939,1.463616014,36.92374802,16.14999962,8.431250572,0.7625,8.326666832,7.755829334
2024/1/17,6.245900154,1.512364626,65.83999634,1.476368785,37.57030869,16.28000069,8.436831474,0.7643,8.302088737,7.746438503
2024/1/18,6.262700081,1.521096587,66.30000305,1.457730174,38.63625717,16.43000031,8.434041977,0.7634,8.290085793,7.727659225
2024/1/21,6.269000053,1.505185008,66.41000366,1.416529298,38.6537323,16.48999977,8.435901642,0.7634,8.293928146,7.746438503
2024/1/22,6.253799915,1.512364626,66.11000061,1.466559052,38.81100082,16.52000046,8.434041977,0.7634,8.301608086,7.727659225
2024/1/23,6.284900188,1.525850534,66.55999756,1.511683941,39.2915535,16.48999977,8.446133614,0.7653,8.306600571,7.727659225
2024/1/24,6.276100159,1.539724469,66.55999756,1.511683941,39.41387558,16.48999977,8.446133614,0.7653,8.28787899,7.746438503
2024/1/25,6.290699959,1.53419435,66.55999756,1.524436593,39.13428116,16.60000038,8.472176552,0.7662,8.28787899,7.746438503
2024/1/28,6.255099773,1.544187427,66.55999756,1.515607715,39.65851593,16.77000046,8.482406616,0.7671,8.318602562,7.746438503
2024/1/29,6.275700092,1.531865835,66.87000275,1.487159491,39.45756149,16.69000053,8.485198975,0.7681,8.347118378,7.755829334
2024/1/30,6.27699995,1.517312765,67.80000305,1.476368785,38.64499283,16.32999992,8.484265327,0.7681,8.353549004,7.816170692
2024/1/31,6.264400005,1.526044726,67.16000366,1.480292559,39.1954422,16.54999924,8.48613739,0.769,8.400018692,7.853884697
2024/2/1,6.333399773,1.542635202,67.62000275,1.466559052,40.10412216,16.78000069,8.466497421,0.769,8.389457703,7.806741714
2024/2/4,6.255300045,1.542635202,68.30000305,1.476368785,40.14780807,16.77000046,8.451532364,0.7671,8.321771622,7.759600163
2024/2/5,6.254399776,1.564464808,68.41000366,1.537189364,39.93811035,16.79000092,8.444988251,0.7671,8.304681778,7.787885189
2024/2/6,6.320700169,1.564076781,68.41000366,1.518550754,40.55845642,16.90999985,8.475850105,0.7653,8.304681778,7.787885189
2024/2/7,6.304100037,1.561845422,68.16999817,1.511683941,40.7069931,17,8.478654861,0.7643,8.316009521,7.787885189
2024/2/8,6.307600021,1.561942339,68.16999817,1.500893116,41.31860352,17.11000061,8.485202789,0.7634,8.316009521,7.769028664
2024/2/11,6.307600021,1.561942339,68.13999939,1.500893116,41.06521988,17.11000061,8.481461525,0.7643,8.316009521,7.769028664
2024/2/12,6.309500217,1.561942339,67.83000183,1.521493673,40.4011879,16.88999939,8.443117142,0.7653,8.316009521,7.721885681
2024/2/13,6.311399937,1.555539012,68.01999664,1.512664914,41.15259171,17.05999947,8.454338074,0.7662,8.241792679,7.731314182
2024/2/14,6.393000126,1.563882828,68.80999756,1.51756978,41.18754196,17.10000038,8.453404427,0.7681,8.276511192,7.759600163
2024/2/15,6.486800194,1.585130453,68.77999878,1.551903963,40.90794754,17.04999924,8.459950447,0.7671,8.272749901,7.750171661
2024/2/18,6.491899967,1.572420716,69.05000305,1.544056058,40.90794754,17.04999924,8.459950447,0.7671,8.272749901,7.750171661
2024/2/19,6.52519989,1.579406261,69.25,1.543075085,40.35749817,16.90999985,8.458080292,0.769,8.263588905,7.750171661
2024/2/20,6.481800079,1.585712552,68.55999756,1.574466348,40.10412216,16.93000031,8.468367577,0.769,8.274583817,7.740742683
2024/2/21,6.483500004,1.599683642,69.18000031,1.589180946,41.76420212,17.30999947,8.483330727,0.7662,8.258381844,7.778456211
2024/2/22,6.426799774,1.599974632,70.05999756,1.602914572,41.5108223,17.30999947,8.492682457,0.7652,8.232246399,7.806741714
2024/2/25,6.41230011,1.596578836,70.09999847,1.601933718,41.58071899,17.28000069,8.492682457,0.7652,8.257608414,7.825598717
2024/2/26,6.388299942,1.594638467,69.52999878,1.602914572,41.58071899,17.30999947,8.482395172,0.7652,8.2519207,7.806741714
2024/2/27,6.362299919,1.580570459,69.16000366,1.559751749,41.40597534,17.29999924,8.481461525,0.7634,8.255681992,7.816170692
2024/2/28,6.33190012,1.586391687,69.16000366,1.563675642,41.82536316,17.39999962,8.478654861,0.7652,8.253365517,7.87015295
2024/2/29,6.332499981,1.590757728,68.87999725,1.574466348,42.61172104,17.60000038,8.486926079,0.7596,8.267928123,7.889094353
2024/3/3,6.320400238,1.592406988,69.58000183,1.54503715,42.67288208,17.53000069,8.500082016,0.7615,8.293869019,7.889094353
2024/3/4,6.309299946,1.57998836,69.38999939,1.525417566,41.93021393,17.30999947,8.506661415,0.7577,8.295799255,7.908037186
2024/3/5,6.356200218,1.591145754,69.30999756,1.548960924,42.39328766,17.39999962,8.513238907,0.7568,8.311131477,7.926979065
2024/3/6,6.353499889,1.593377352,69.95999908,1.530322433,43.27575302,17.52000046,8.530155182,0.7577,8.330997467,7.94591856
2024/3/7,6.376699924,1.601138949,70.16000366,1.528360486,42.55929565,17.34000015,8.533911705,0.7577,8.358481407,7.964859962
2024/3/10,6.365799904,1.600459814,69.59999847,1.559751749,42.15737915,17.35000038,8.541430473,0.7577,8.368126869,7.955390453
2024/3/11,6.349599838,1.625200033,69.59999847,1.598009706,43.03110886,17.60000038,8.54237175,0.7568,8.363111496,7.936449051
2024/3/12,6.375400066,1.620252013,70.23999786,1.600952625,42.68161774,17.57999992,8.544250488,0.7577,8.336784363,7.936449051
2024/3/13,6.436100006,1.627140403,69.51000214,1.589180946,42.56803513,17.61000061,8.533911705,0.7568,8.33070755,7.908037186
2024/3/14,6.402599812,1.610064864,69.55000305,1.596047759,41.97389984,17.53000069,8.521694183,0.7549,8.295063019,7.889094353
2024/3/17,6.410600185,1.610064864,69.55000305,1.595066905,42.32338715,17.65999985,8.527335167,0.7558,8.276561737,7.87015295
2024/3/18,6.42869997,1.604146481,69.41000366,1.585257173,42.51560974,17.79000092,8.536732674,0.7568,8.269974709,7.889094353
2024/3/19,6.448599815,1.604243517,69.41000366,1.598009706,43.04858398,18.01000023,8.541430473,0.7568,8.28847599,7.908037186
2024/3/20,6.54610014,1.626752496,69.76999664,1.619591236,43.45923615,18.06999969,8.565864563,0.7587,8.330126762,7.964859962
2024/3/21,6.552199841,1.6178267,69.52999878,1.603895664,43.49418259,18.12000084,8.566803932,0.7615,8.322183609,7.983801842
2024/3/24,6.520699978,1.611520171,69.52999878,1.598990798,43.31070328,18.03000069,8.562107086,0.7634,8.326737404,7.983801842
2024/3/25,6.591300011,1.617535472,69.72000122,1.595066905,43.03984451,17.97999954,8.573382378,0.7643,8.323539734,7.983801842
2024/3/26,6.629000187,1.614624739,70.09999847,1.590162039,43.04858398,18.14999962,8.563045502,0.7634,8.317050934,8.002742767
2024/3/27,6.577300072,1.615692139,70.51999664,1.61174345,42.90878677,18.17000008,8.568683624,0.7634,8.320055008,8.026517868
2024/3/31,6.574500084,1.615692139,70.51999664,1.635286927,42.94373703,18.17000008,8.56292057,0.7634,8.320055008,8.017007828
2024/4/1,6.605700016,1.620543122,68.95999908,1.661773205,42.67288208,18.01000023,8.530805588,0.7634,8.299033165,7.97896719
2024/4/2,6.581099987,1.608124614,69.06999969,1.661773205,42.85636139,18.04000092,8.530805588,0.7643,8.277338028,7.988478661
2024/4/3,6.618199825,1.617438436,69.29000092,1.663735151,42.15737915,17.77000046,8.544973373,0.7662,8.277338028,8.026517868
2024/4/4,6.601900101,1.612490296,68.33000183,1.634305954,42.84762573,18.04000092,8.535528183,0.7672,8.299227715,8.007497787
2024/4/7,6.58920002,1.606669188,68.54000092,1.650982499,42.8301506,18.01000023,8.533638,0.7672,8.258544922,7.99798727
2024/4/8,6.627299786,1.616759181,68.41999817,1.652944326,43.00489807,17.96999931,8.546865463,0.7672,8.279079437,8.026517868
2024/4/9,6.627299786,1.616759181,67.98999786,1.652944326,42.69909286,17.96999931,8.522303581,0.7681,8.294869423,7.96945858
2024/4/10,6.61289978,1.627819777,68,1.674525976,43.36312485,18.04999924,8.491130829,0.7672,8.209918976,7.921906948
2024/4/11,6.585400105,1.619572759,67.58000183,1.649020553,42.48939896,17.92000008,8.487352371,0.7672,8.221736908,7.912397861
2024/4/14,6.525400162,1.60055685,67.66000366,1.650982499,41.7205162,17.69000053,8.477907181,0.7662,8.201597214,7.845825672
2024/4/15,6.457399845,1.57562232,66.87000275,1.626458049,41.87778854,17.70000076,8.429730415,0.7643,8.175325394,7.78876543
2024/4/16,6.477099895,1.576495528,67.04000092,1.627439141,41.17006683,17.54000092,8.431619644,0.7653,8.146427155,7.826806545
2024/4/17,6.53579998,1.582511067,66.76000214,1.64215374,40.89047241,17.48999977,8.428786278,0.7672,8.189529419,7.826806545
2024/4/18,6.507599831,1.56106925,66.90000153,1.636267781,39.64978027,17.31999969,8.431619644,0.77,8.187877655,7.836316109
2024/4/21,6.601799965,1.576398492,67.01000214,1.650001526,40.07790756,17.51000023,8.443898201,0.771,8.173768997,7.855336666
2024/4/22,6.693999767,1.588623285,67.93000031,1.664716125,40.84679031,17.71999931,8.480741501,0.7719,8.193229675,7.874356747
2024/4/23,6.737299919,1.616856337,68.08000183,1.686297655,40.98658371,17.72999954,8.493964195,0.7719,8.189920425,7.845825672
2024/4/24,6.74669981,1.615595102,67.97000122,1.694145441,40.86426163,17.62999916,8.450514793,0.77,8.181553841,7.807785988
2024/4/25,6.725800037,1.633058786,67.86000061,1.727498651,41.72925186,17.79999924,8.476961136,0.7691,8.155573845,7.836316109
2024/4/28,6.767700195,1.646738887,68.29000092,1.733384371,41.66809082,17.85000038,8.500576973,0.7691,8.181553841,7.864848137
2024/4/29,6.775700092,1.653821349,68.43000031,1.724555731,40.82057953,17.54000092,8.498688698,0.7738,8.169487953,7.872490883
2024/4/30,6.775700092,1.653821349,68.43000031,1.724555731,40.46234894,17.54000092,8.487103462,0.7738,8.169487953,7.86293602
2024/5/1,6.801300049,1.653045177,68.05000305,1.765756607,40.86426163,17.63999939,8.516541481,0.7748,8.160924911,7.891598701
2024/5/2,6.796599865,1.653045177,68.58999634,1.772623539,41.74672699,17.75,8.560227394,0.7738,8.201498985,7.94892168
2024/5/5,6.810599804,1.653045177,68.54000092,1.786357164,42.49813461,17.75,8.586815834,0.7748,8.201498985,7.977583885
2024/5/6,6.790699959,1.672934651,69.02999878,1.781452298,42.43697357,18.04999924,8.592515945,0.7729,8.254818916,8.006246567
2024/5/7,6.760000229,1.664493799,69.36000061,1.759870887,42.38454819,18.07999992,8.581118584,0.7729,8.244506836,7.987135887
2024/5/8,6.772900105,1.661971211,69.36000061,1.793223977,42.38454819,18.07999992,8.57447052,0.7738,8.244506836,7.996693134
2024/5/9,6.828499794,1.672837496,69.36000061,1.82755816,42.49813461,18.19000053,8.568771362,0.7729,8.247424126,7.987135887
2024/5/12,6.812099934,1.685644269,70.19000244,1.847177744,42.46318436,18.14999962,8.570671082,0.7719,8.233120918,7.987135887
2024/5/13,6.848599911,1.682830691,70.08999634,1.831482053,42.69909286,18.23999977,8.56782341,0.7719,8.233120918,7.996693134
2024/5/14,6.833300114,1.685838342,70.76999664,1.832463026,43.64271927,18.40999985,8.58776474,0.7719,8.233120918,8.05401516
2024/5/15,6.875100136,1.70126462,71.01000214,1.869740129,43.48544693,18.32999992,8.600110054,0.7691,8.233120918,8.063569069
2024/5/16,6.894800186,1.697480798,70.93000031,1.889359593,43.34564972,18.36000061,8.59346199,0.7691,8.223683357,8.044463158
2024/5/19,6.898700237,1.706212759,70.93000031,1.890340686,43.79999161,18.36000061,8.59536171,0.7729,8.223683357,8.044463158
2024/5/20,6.884799957,1.683315754,71.23999786,1.858949304,43.81746674,18.45999908,8.602010727,0.7729,8.209186554,8.05401516
2024/5/21,6.884799957,1.683315754,71.23000336,1.858949304,44.0096817,18.45999908,8.590614319,0.7748,8.19575882,8.025353432
2024/5/22,6.931600094,1.697868943,71.08999634,1.814805508,44.105793,18.30999947,8.579218864,0.7758,8.192255974,7.996693134
2024/5/23,6.922500134,1.681957483,70.63999939,1.814805508,44.5077095,18.43000031,8.579218864,0.7748,8.187488556,7.987135887
2024/5/26,6.933400154,1.693114996,70.52999878,1.817748427,44.5077095,18.43000031,8.579218864,0.7758,8.187488556,7.987135887
2024/5/27,6.944399834,1.69195056,69.83000183,1.804014683,44.91836166,18.39999962,8.57542038,0.7786,8.193130493,7.977583885
2024/5/28,6.946400166,1.668859601,69.83000183,1.783414245,44.56013107,18.32999992,8.544081688,0.7786,8.166083336,7.939368725
2024/5/29,6.956999779,1.652948022,69.16000366,1.780471325,43.79125214,18.17000008,8.545030594,0.7786,8.163942337,7.968029499
2024/5/30,6.993700027,1.645186543,69.91000366,1.746137142,43.79125214,18.29000092,8.558324814,0.7796,8.171919823,8.005466461
2024/6/2,7.012300014,1.645186543,70.61000061,1.753984928,43.96599579,18.29000092,8.586496353,0.77,8.210841179,8.053459167
2024/6/3,6.979700089,1.660127759,71.01000214,1.764775753,44.00094604,18.28000069,8.593179703,0.771,8.236527443,8.053459167
2024/6/4,6.961599827,1.684771061,71.08000183,1.763794661,45.41638565,18.54000092,8.603684425,0.7719,8.231175423,8.063058853
2024/6/5,6.967100143,1.700488448,71.90000153,1.759870887,45.24163818,18.53000069,8.623737335,0.7719,8.240125656,8.063058853
2024/6/6,6.977200031,1.704078317,72.04000092,1.749080062,45.13679504,18.56999969,8.592225075,0.77,8.239347458,8.015065193
2024/6/9,6.952499866,1.692241788,71.63999939,1.755946875,45.42512512,18.67000008,8.593179703,0.7691,8.239347458,7.995865822
2024/6/10,6.929999828,1.687875748,71.48000336,1.729460597,45.6173439,18.72999954,8.594136238,0.7691,8.190699577,8.015065193
2024/6/11,6.929599762,1.674680829,71.69999695,1.718669772,46.55223083,18.79999924,8.639972687,0.7738,8.189434052,8.063058853
2024/6/12,6.979000092,1.699906349,71.15000153,1.699050307,46.62213135,18.87000084,8.642834663,0.7738,8.207725525,8.082257271
2024/6/13,6.920899868,1.705824614,71.30000305,1.697088361,46.73571777,18.93000031,8.621827126,0.7748,8.244701385,8.072658539
2024/6/16,6.920899868,1.705824614,71.18000031,1.697088361,47.11141586,18.93000031,8.610368729,0.7738,8.220755577,8.034262657
2024/6/17,6.932499886,1.703011036,71.44000244,1.704936147,47.37353897,19.04999924,8.625647545,0.7748,8.205018044,8.063058853
2024/6/18,6.945899963,1.727072239,71.37999725,1.729460597,47.37353897,19.04999924,8.625647545,0.7729,8.205018044,8.063058853
2024/6/19,6.922500134,1.725325942,71.30999756,1.712784052,47.01530838,19.01000023,8.602729797,0.7729,8.213815689,8.063058853
2024/6/20,6.940000057,1.715429902,71.70999908,1.691202521,46.77940369,19.01000023,8.63328743,0.7738,8.23854351,8.053459167
2024/6/23,6.95179987,1.707959175,72.16999817,1.700031281,45.97557068,18.93000031,8.640924454,0.7729,8.23854351,8.053459167
2024/6/24,6.979599953,1.721444964,72.44000244,1.685316682,46.73571777,19.05999947,8.642834663,0.7719,8.244699478,8.063058853
2024/6/25,6.996500015,1.726781368,72.08999634,1.693164349,46.75318909,19.15999985,8.639972687,0.7719,8.218799591,8.043861389
2024/6/26,7.011199951,1.722124219,71.81999969,1.662754297,46.87551498,19.18000031,8.631375313,0.7719,8.198666573,8.043861389
2024/6/27,6.985899925,1.713004112,71.87000275,1.663735151,46.77066422,19.06999969,8.640924454,0.7691,8.213815689,8.048680305
2024/6/30,6.989799976,1.717610359,72.31999969,1.673544884,46.92793655,19.14999962,8.631331444,0.7691,8.213815689,7.990844727
2024/7/1,7.060900211,1.709770203,70.66999817,1.670601964,47.25995255,19.28000069,8.62269783,0.7729,8.191531181,8.000484467
2024/7/2,7.154099941,1.725254655,71.05000305,1.696107388,47.77545166,19.32999992,8.63325119,0.7729,8.19329071,8.048680305
2024/7/3,7.193900108,1.736623049,70.75,1.689240575,47.77545166,19.32999992,8.63325119,0.7748,8.19329071,8.048680305
2024/7/4,7.130599976,1.726430655,70.72000122,1.660792232,48.3084259,19.40999985,8.65147686,0.7758,8.236294746,8.096876144
2024/7/7,7.124199867,1.728586793,71.40000153,1.644115686,48.4744339,19.40999985,8.671624184,0.7748,8.255745888,8.116155624
2024/7/8,7.164800167,1.737799168,71.04000092,1.650982499,48.41327286,19.45000076,8.674501419,0.7758,8.263368607,8.106516838
2024/7/9,7.234399796,1.729566693,71.40000153,1.64215374,49.05109406,19.62999916,8.676420212,0.7786,8.280861855,8.116155624
2024/7/10,7.24630022,1.743189335,72.51999664,1.669620991,48.07252121,19.37000084,8.702324867,0.7786,8.27509594,8.173989296
2024/7/11,7.27519989,1.751127601,72.90000153,1.697088361,48.3084259,19.46999931,8.719592094,0.7786,8.293373108,8.183628082
2024/7/14,7.269999981,1.745541453,73.18000031,1.673544884,48.34337616,19.54999924,8.732064247,0.7796,8.299460411,8.16435051
2024/7/15,7.238100052,1.740739226,73.12999725,1.656868339,48.34337616,19.76000023,8.749332428,0.7796,8.32861805,8.173989296
2024/7/16,7.243899822,1.738289118,73.40000153,1.649020553,46.30759048,19.39999962,8.754130363,0.7796,8.319978714,8.16435051
2024/7/17,7.198800087,1.731330872,73.05999756,1.646077633,46.01052094,19.30999947,8.760845184,0.7777,8.311829567,8.145071983
2024/7/18,7.137300014,1.709672093,72.30000305,1.625477076,45.51249695,19.18000031,8.750291824,0.7777,8.307313919,8.116155624
2024/7/21,7.099599838,1.709867954,72.52999878,1.64215374,46.44738388,19.40999985,8.757966042,0.7786,8.290231705,8.135432243
2024/7/22,7.150800228,1.709672093,72.86000061,1.615667343,46.39496231,19.35000038,8.767560005,0.7786,8.293960571,8.145071983
2024/7/23,7.157299995,1.686249256,72.69999695,1.603895664,44.5077095,18.85000038,8.76468277,0.7786,8.294158936,8.125793457
2024/7/24,7.100599766,1.66047442,73.29000092,1.587219119,44.12326813,18.79999924,8.757007599,0.7786,8.301717758,8.116155624
2024/7/25,7.113599777,1.667138457,73.05999756,1.588199973,44.69119263,19,8.768519402,0.7805,8.28424263,8.145071983
2024/7/28,7.144499779,1.668804646,72.98999786,1.586238027,44.58634186,19.03000069,8.775237083,0.7805,8.323709488,8.145071983
2024/7/29,7.145999908,1.660866261,73.43000031,1.568580508,43.80872726,18.89999962,8.770439148,0.7825,8.312125206,8.145071983
2024/7/30,7.184700012,1.673802853,72.93000031,1.588199973,45.28532791,19.04000092,8.781951904,0.7853,8.333920479,8.223528862
2024/7/31,7.151199818,1.672528625,73.55999756,1.565000057,43.86988831,18.78000069,8.796232224,0.7892,8.379080772,8.233216286
2024/8/1,7.04489994,1.624016881,73.45999908,1.52699995,42.6204567,18.28000069,8.760529518,0.7873,8.379769325,8.262273788
2024/8/4,6.711800098,1.624016881,71.70999908,1.529000044,41.4409256,17.64999962,8.701668739,0.7853,8.353260994,8.213843346
2024/8/5,6.635399818,1.586775661,72.20999908,1.531000018,42.09621811,17.92000008,8.731581688,0.7853,8.313105583,8.194472313
2024/8/6,6.743199825,1.621076822,72.16999817,1.555999994,41.78167725,17.79999924,8.772108078,0.7844,8.319291115,8.213843346
2024/8/7,6.772399902,1.619312763,72.09999847,1.57099998,43.31943893,18.23999977,8.774038315,0.7863,8.35119915,8.213843346
2024/8/8,6.772399902,1.619312763,72.91999817,1.57099998,43.31943893,18.23999977,8.778863907,0.7882,8.363177299,8.242900848
2024/8/11,6.783599854,1.639697552,72.66999817,1.575999975,43.61650467,18.29000092,8.781757355,0.7901,8.358757973,8.262273788
2024/8/12,6.875199795,1.632641315,73.30999756,1.574000001,44.77856445,18.54999924,8.790441513,0.7892,8.359642029,8.291333199
2024/8/13,6.907899857,1.634895444,73.58999634,1.549999952,44.93583679,18.54000092,8.8058815,0.7892,8.384676933,8.310704231
2024/8/14,6.963399887,1.638815522,73.58999634,1.56400001,46.15031815,18.54000092,8.818426132,0.7911,8.384676933,8.291333199
2024/8/15,7.049600124,1.665374517,74.09999847,1.56400001,46.15031815,18.93000031,8.82903862,0.7921,8.349039078,8.310704231
2024/8/18,7.053100109,1.66214025,74.5,1.572999954,46.80561447,18.98999977,8.850266457,0.793,8.349923134,8.330077171
2024/8/19,7.095699787,1.664100409,75.23999786,1.534999967,46.56970596,18.92000008,8.865704536,0.7921,8.336964607,8.349449158
2024/8/20,7.079699993,1.653123975,75.20999908,1.542999983,46.84056473,19.04000092,8.871496201,0.793,8.343935013,8.359136581
2024/8/21,7.080200195,1.659396291,75.41999817,1.529999971,45.94935989,18.89999962,8.879214287,0.794,8.335098267,8.330077171
2024/8/22,7.10860014,1.650575995,75.43000031,1.537999988,46.64834213,19.11000061,8.892723083,0.793,8.341873169,8.359136581
2024/8/25,7.113100052,1.664492488,75.58000183,1.524999976,46.17652893,19.11000061,8.917811394,0.794,8.341873169,8.368823051
2024/8/26,7.122200012,1.66135633,75.61000061,1.531000018,46.34254074,19,8.914916992,0.793,8.358268738,8.359136581
2024/8/27,7.085400105,1.657534242,75.68000031,1.518000007,45.87072372,18.90999985,8.919741631,0.793,8.364060402,8.359136581
2024/8/28,7.104899883,1.665178537,75.69999695,1.531000018,45.65229416,18.92000008,8.917811394,0.793,8.368478775,8.349449158
2024/8/29,7.177199841,1.670862675,76.11000061,1.539999962,46.1852684,19.11000061,8.921671867,0.793,8.353162766,8.384506226
2024/9/1,7.236800194,1.666354537,76.27999878,1.524000049,46.1852684,19.11000061,8.921671867,0.794,8.353162766,8.384506226
2024/9/2,7.281599998,1.670862675,76.33000183,1.521000028,44.18442917,18.78000069,8.916724205,0.795,8.340595245,8.384506226
2024/9/3,7.179200172,1.637835503,76,1.511000037,43.89610291,18.69000053,8.913814545,0.7969,8.360034943,8.394245148
2024/9/4,7.211500168,1.639109492,75.05999756,1.503999949,43.83493805,18.61000061,8.938063622,0.7969,8.359150887,8.413721085
2024/9/5,7.201399803,1.633621335,74.95999908,1.486999989,42.84762573,18.26000023,8.946793556,0.7979,8.359150887,8.423458099
2024/9/8,7.268499851,1.629799128,74.62999725,1.481999993,43.34564972,18.47999954,8.938063622,0.7979,8.360427856,8.413721085
2024/9/9,7.290699959,1.634013295,74.65000153,1.465999961,43.74756622,18.59000015,8.95067215,0.7969,8.380946159,8.423458099
2024/9/10,7.315299988,1.62499702,74.41000366,1.462000012,45.08436966,18.76000023,8.941941261,0.7988,8.415603638,8.423458099
2024/9/11,7.386600018,1.642245531,74.41000366,1.463000059,45.39891052,18.92000008,8.95164299,0.7998,8.404018402,8.433197021
2024/9/12,7.424799919,1.64253962,75.29000092,1.468999982,45.68724442,18.96999931,8.971042633,0.8008,8.431016922,8.472149849
2024/9/15,7.440899849,1.64253962,75.76000214,1.468000054,45.58239365,18.95000076,8.992381096,0.7998,8.434468269,8.501364708
2024/9/16,7.484300137,1.647831798,75.06999969,1.488000035,45.59986877,19,9.004990578,0.7998,8.439695358,8.520840645
2024/9/17,7.488299847,1.643323779,74.61000061,1.478000045,45.25911331,18.94000053,9.007901192,0.8008,8.439695358,8.511100769
2024/9/18,7.586100101,1.664884329,75.16000366,1.52699995,46.56970596,19.29999924,9.04572773,0.7998,8.416619301,8.53057766
2024/9/19,7.565899849,1.686151147,74.51000214,1.532999992,46.22895432,19.20000076,9.040877342,0.8008,8.42973423,8.520840645
2024/9/22,7.598599911,1.683701158,74.19999695,1.550999999,46.23768997,19.20000076,9.037967682,0.8008,8.406166077,8.501364708
2024/9/23,7.559400082,1.700263739,73.80000305,1.638000011,46.63960648,19.19000053,9.033118248,0.7998,8.389105797,8.501364708
2024/9/24,7.476399899,1.710554004,73.87000275,1.64199996,46.83182526,19.11000061,9.031179428,0.8008,8.413661003,8.501364708
2024/9/25,7.512700081,1.749559522,73.58000183,1.748000026,47.33858871,19.17000008,9.041846275,0.8017,8.393839836,8.511100769
2024/9/26,7.445899963,1.771512389,73.79000092,1.802000046,46.95415115,19.04000092,9.053486824,0.791,8.383189201,8.53057766
2024/9/29,7.460400105,1.764456034,73.5,1.827999949,46.91046143,19.14999962,9.044756889,0.7891,8.365340233,8.574625015
2024/9/30,7.447199821,1.766040087,73.62999725,1.848999977,46.04547119,19.05999947,9.046510696,0.7891,8.365340233,8.584414482
2024/10/1,7.44990015,1.803857684,73.12999725,1.955000043,46.26390457,19.11000061,9.040663719,0.8027,8.37904644,8.564837456
2024/10/2,7.417399883,1.787522912,72.72000122,1.952000022,46.37748718,19.15999985,9.038714409,0.8017,8.386246681,8.535471916
2024/10/3,7.472499847,1.810094595,72.40000153,2.002000093,46.99783325,19.45999908,9.02994442,0.8008,8.375892639,8.496318817
2024/10/6,7.515200138,1.812272549,72.59999847,2.059000015,46.57844543,19.20000076,9.014350891,0.7988,8.333883286,8.466952324
2024/10/7,7.472700119,1.76613915,72.56999969,1.873999953,47.4609108,19.38999939,8.998755455,0.7969,8.338813782,8.457165718
2024/10/8,7.518899918,1.76257515,72.69000244,1.827000022,47.80166245,19.56999969,8.9977808,0.7959,8.344532967,8.447377205
2024/10/9,7.48059988,1.781582832,73.01000214,1.85800004,47.75797653,19.57999992,8.993881226,0.7959,8.314652443,8.437588692
2024/10/10,7.477000237,1.775346041,73.29000092,1.85800004,48.09873199,19.68000031,8.9977808,0.7949,8.314652443,8.437588692
2024/10/13,7.513800144,1.777028918,73.65000153,1.858999968,48.59675598,19.84000015,9.008501053,0.7949,8.314652443,8.437588692
2024/10/14,7.53399992,1.757922173,73.43000031,1.774999976,47.22500229,19.72999954,9.02994442,0.7949,8.295324326,8.466952324
2024/10/15,7.532999992,1.747428298,73.25,1.799000025,47.1987915,19.85000038,9.02507019,0.7969,8.310413361,8.476741791
2024/10/16,7.584799767,1.733370543,73.31999969,1.753000021,47.2686882,19.87999916,9.027993202,0.7978,8.300453186,8.447377205
2024/10/17,7.620800018,1.766337037,73.23999786,1.807999969,47.65312958,19.90999985,9.027993202,0.7969,8.29621315,8.457165718
2024/10/20,7.564899921,1.760001063,73.26000214,1.787999988,47.87156296,19.87999916,9.021172523,0.7969,8.294930458,8.408223152
2024/10/21,7.50330019,1.753071189,72.55999756,1.817999959,47.88029861,19.94000053,9.00167942,0.794,8.269390106,8.369071007
2024/10/22,7.530399799,1.76613915,72.30000305,1.815000057,47.21626663,19.82999992,8.989008904,0.793,8.258345604,8.339705467
2024/10/23,7.524600029,1.752972245,72.55999756,1.789999962,47.50459671,19.81999969,8.992907524,0.792,8.264262199,8.349493027
2024/10/24,7.507699966,1.757031083,71.91000366,1.81099999,47.67934036,19.80999947,9.002654076,0.792,8.263374329,8.35928154
2024/10/27,7.472899914,1.757031083,71.80999756,1.835000038,47.57449722,19.88999939,9.005577087,0.793,8.239213943,8.349493027
2024/10/28,7.491799831,1.760199189,71.68000031,1.812999964,48.13368225,20.01000023,8.998755455,0.791,8.230831146,8.35928154
2024/10/29,7.402200222,1.73980546,71.05000305,1.786999941,47.80166245,19.92000008,9.005577087,0.791,8.250654221,8.369071007
2024/10/30,7.402200222,1.73980546,70.77999878,1.786999941,46.45611954,19.92000008,8.989984512,0.792,8.203614235,8.379889488
2024/10/31,7.388000011,1.73327148,70.77999878,1.809000015,46.92793655,19.92000008,8.99066925,0.7901,8.203614235,8.350381851
2024/11/3,7.410399914,1.73000443,71.16999817,1.807000041,46.9890976,19.45000076,9.00047493,0.791,8.204798698,8.360218048
2024/11/4,7.412000179,1.747824192,70.51999664,1.837000012,47.57449722,19.69000053,9.006357193,0.7901,8.189315796,8.350381851
2024/11/5,7.458799839,1.755843163,70.63999939,1.822999954,48.70160675,20.52000046,9.015180588,0.7881,8.148786545,8.340545654
2024/11/6,7.604199886,1.752873182,71.01999664,1.875,49.26952744,20.44000053,9.033809662,0.791,8.193655014,8.419230461
2024/11/7,7.752299786,1.762080073,71.44000244,1.817999959,49.22584152,20.62000084,9.060281754,0.794,8.241974831,8.438901901
2024/11/10,7.777800083,1.76613915,71.69999695,1.822999954,49.16468048,20.80999947,9.071066856,0.793,8.241974831,8.438901901
2024/11/11,7.729300022,1.740201354,71,1.777999997,49.36563873,20.84000015,9.061261177,0.791,8.209038734,8.389723778
2024/11/12,7.757800102,1.73297441,70.41999817,1.776000023,49.24331665,20.86000061,9.051457405,0.791,8.194345474,8.389723778
2024/11/13,7.809299946,1.719708681,69.86000061,1.758999944,49.1122551,20.79000092,9.049496651,0.791,8.187837601,8.379889488
2024/11/14,7.818399906,1.724658608,68.26999664,1.743000031,47.84534836,20.48999977,9.024004936,0.7891,8.205996513,8.350381851
2024/11/17,7.75909996,1.721589565,67.62999725,1.758000016,47.96767426,20.55999947,9.037732124,0.7891,8.20520401,8.340545654
2024/11/18,7.820899963,1.731291533,67.26999664,1.75,48.53559494,20.61000061,9.034790039,0.791,8.246417046,8.370052338
2024/11/19,7.817800045,1.744854331,68.05000305,1.763000011,48.4744339,20.65999985,9.037732124,0.7901,8.210355759,8.370052338
2024/11/20,7.807600021,1.737231374,68.16000366,1.761000037,48.82392883,20.72999954,9.047534943,0.7881,8.229475975,8.379889488
2024/11/21,7.833499908,1.747131228,69.16000366,1.720000029,48.93750763,20.87999916,9.047534943,0.7881,8.250975609,8.379889488
2024/11/24,7.784599781,1.753269196,69.47000122,1.713000059,48.97245789,20.89999962,9.078909874,0.7901,8.260485649,8.429066658
2024/11/25,7.744599819,1.746339321,69.30000305,1.710999966,49.12973022,21.06999969,9.062242508,0.7891,8.239681244,8.419230461
2024/11/26,7.715300083,1.750992298,70.12999725,1.731999993,48.60549545,20.87999916,9.053418159,0.792,8.258405685,8.438901901
2024/11/27,7.770500183,1.73772645,70.12999725,1.72300005,48.60549545,20.87999916,9.053418159,0.791,8.258405685,8.438901901
2024/11/28,7.770999908,1.738419414,70.23000336,1.736999989,48.98993301,20.96999931,9.067144394,0.792,8.272474289,8.503170013
2024/12/1,7.787499905,1.75633812,70.08999634,1.751999974,49.45301056,21.12000084,9.090593338,0.794,8.249983788,8.503170013
2024/12/2,7.878399849,1.770692945,70.30999756,1.769000053,49.69765472,21.13999939,9.086651802,0.794,8.250678062,8.503170013
2024/12/3,7.922800064,1.772672892,70.11000061,1.751000047,50.71117783,21.31999969,9.106356621,0.794,8.245923042,8.522945404
2024/12/4,7.986499786,1.771089077,69.97000122,1.746000051,50.31800079,21.19000053,9.114237785,0.794,8.252658844,8.532832146
2024/12/5,7.950200081,1.776632905,69.73999786,1.766000032,50.43000031,21.29999924,9.111282349,0.795,8.253649712,8.562494278
2024/12/8,7.945199966,1.787423849,69.36000061,1.858999968,49.99000168,21.17000008,9.131971359,0.795,8.262863159,8.562494278
2024/12/9,7.979800224,1.796729803,69.23999786,1.81400001,49.49000168,21.12999916,9.129015923,0.794,8.260387421,8.552606583
2024/12/10,7.948599815,1.790591717,68.90000153,1.807999969,50.16999817,21.34000015,9.127045631,0.794,8.256126404,8.542719841
2024/12/11,7.982500076,1.808609605,68.73999786,1.822999954,49.97999954,21.20999908,9.130002022,0.792,8.264053345,8.522945404
2024/12/12,7.990200043,1.797917724,67.75,1.822999954,49.75999832,21.31999969,9.110297203,0.791,8.257514,8.483394623
2024/12/15,8.012599945,1.785938859,68.20999908,1.77699995,50.09999847,21.46999931,9.108325958,0.7901,8.246893883,8.473507881
2024/12/16,7.974899769,1.774554014,67.75,1.777999997,49.88999939,21.37999916,9.09157753,0.791,8.195934296,8.463620186
2024/12/17,7.927999973,1.779602885,67.65000153,1.781999946,48.40000153,20.73999977,9.084681511,0.7901,8.194043159,8.433958054
2024/12/18,7.916699886,1.769505024,65.98000336,1.771000028,48.38999939,20.84000015,9.036405563,0.7852,8.135320663,8.364746094
2024/12/19,7.816400051,1.751685262,65.73999786,1.774000049,48.88000107,21.04999924,9.033450127,0.7871,8.170951843,8.364746094
2024/12/22,7.875800133,1.768317103,66.09999847,1.779999971,49.45999908,21.20999908,9.029509544,0.7852,8.17592907,8.354858398
2024/12/23,7.909100056,1.777424932,66.09999847,1.802999973,49.86999893,21.20999908,9.041332245,0.7842,8.17592907,8.344970703
2024/12/25,7.911499977,1.777424932,66.09999847,1.802999973,49.75,21.20999908,9.036405563,0.7842,8.17592907,8.344970703
2024/12/26,7.928500175,1.777424932,67.06999969,1.784999967,49.15999985,21.20999908,9.051183701,0.7852,8.143281937,8.354858398
2024/12/29,7.981299877,1.770990014,65.98999786,1.769000053,48.74000168,20.98999977,9.050199509,0.7861,8.149055481,8.364746094
2024/12/30,7.987699986,1.769999981,65.98999786,1.786000013,48.31000137,20.95999908,9.057094574,0.7861,8.168363571,8.399537086
2025/1/1,8.003199577,1.767199993,66.48999786,1.761000037,48.45000076,20.96999931,9.073044777,0.7861,8.181800842,8.409477234
2025/1/2,8.035499573,1.759699941,66.30000305,1.761000037,49.24000168,21.29999924,9.071062088,0.7861,8.192550659,8.419418335
2025/1/5,8.088000298,1.754799962,66.95999908,1.748999953,50.00999832,21.30999947,9.105734825,0.7852,8.166373253,8.429357529
2025/1/6,8.117199898,1.756100059,67.59999847,1.74000001,48.90000153,21.07999992,9.097809792,0.7832,8.17592907,8.409477234
2025/1/7,8.249099731,1.753000021,67.05000305,1.715999961,48.97000122,21.20999908,9.078988075,0.7852,8.183791161,8.389596939
2025/1/8,8.205599785,1.748200059,67.73000336,1.715999961,48.97000122,21.20999908,9.078988075,0.7832,8.183791161,8.389596939
2025/1/9,8.060500145,1.738700032,67.51999664,1.680999994,48.04000092,20.87999916,9.064127922,0.7842,8.157017708,8.349835396
2025/1/12,8.018099785,1.713799953,67.16000366,1.682000041,47.61999893,20.90999985,9.043325424,0.7842,8.126760483,8.310074806
2025/1/13,8.022199631,1.716400027,66.90000153,1.703999996,47.70999908,20.87999916,9.048278809,0.7822,8.145969391,8.320014954
2025/1/14,7.975800037,1.715000033,67.61000061,1.722000003,48.52999878,21.22999954,9.092856407,0.7802,8.167699814,8.389596939
2025/1/15,8.061300278,1.73029995,67.16000366,1.72300005,48.52000046,21.18000031,9.100781441,0.7802,8.201000214,8.399537086
2025/1/16,8.064299583,1.727800012,67.88999939,1.748000026,49.13999939,21.35000038,9.117622375,0.7832,8.213700294,8.399537086
2025/1/19,8.058099747,1.727399945,67.80999756,1.764999986,49.13999939,21.35000038,9.117622375,0.7852,8.213700294,8.399537086
2025/1/20,8.039899826,1.725299954,68.55999756,1.733999968,49.63000107,21.39999962,9.140406609,0.7852,8.22369957,8.429357529
2025/1/21,8.031299591,1.727900028,68.70999908,1.715999961,50.61999893,21.51000023,9.147340775,0.7852,8.23939991,8.429357529
2025/1/22,8.06649971,1.726999998,68.80000305,1.718000054,50.81000137,21.62999916,9.140406609,0.7871,8.229399681,8.419418335
2025/1/23,8.071200371,1.721600056,69.59999847,1.730999947,50.52999878,21.43000031,9.151302338,0.7861,8.241800308,8.43929863
2025/1/26,8.053600311,1.701900005,70.34999847,1.754999995,48.36000061,20.97999954,9.144368172,0.7852,8.269000053,8.459178925
2025/1/27,8.038700104,1.720700026,70.69999695,1.748999953,49.56999969,21.34000015,9.149321556,0.7871,8.248399734,8.459178925
2025/1/28,8.038700104,1.720700026,70.45999908,1.748999953,49.20000076,21.34000015,9.153284073,0.7881,8.248399734,8.469120026
2025/1/29,8.038700104,1.720700026,71,1.748999953,49.38999939,21.34000015,9.158236504,0.7881,8.248399734,8.48900032
2025/1/30,8.144000053,1.720700026,71.40000153,1.791000009,49.20999908,21.30999947,9.162199974,0.7891,8.248399734,8.539999962
2025/2/2,8.10130024,1.720700026,70.30999756,1.792000055,48.59000015,21.26000023,9.135818481,0.7891,8.288599968,8.529999733
2025/2/3,8.080499649,1.739400029,70.55000305,1.802000046,49.13000107,21.20000076,9.127854347,0.7891,8.26210022,8.539999962
2025/2/4,8.069800377,1.728600025,71.5,1.75999999,49.59999847,21.21999931,9.16070652,0.7921,8.298700333,8.590000153
2025/2/5,8.088700294,1.738600016,71.62000275,1.781000018,49.88999939,21.37999916,9.182607651,0.7911,8.295700073,8.600000381
2025/2/6,8.144599915,1.74969995,71.48000336,1.792000055,49.31000137,21.11000061,9.153738022,0.7911,8.299200058,8.579999924
2025/2/9,8.168000221,1.747099996,70.65000153,1.822999954,49.97999954,21.30999947,9.16070652,0.7911,8.290800095,8.56000042
2025/2/10,8.12650013,1.734300017,70.44999695,1.817000031,49.86999893,21.29000092,9.15572834,0.7911,8.28880024,8.539999962
2025/2/11,8.167499542,1.74090004,70.20999908,1.838000059,49.68999863,21.26000023,9.133828163,0.7891,8.285599709,8.5
2025/2/12,8.22179985,1.73150003,70.59999847,1.832000017,50.27999878,21.31999969,9.150752068,0.7911,8.282600403,8.539999962
2025/2/13,8.24339962,1.749600053,70.73000336,1.86500001,50.36000061,21.17000008,9.173647881,0.7931,8.292300224,8.579999924
2025/2/16,8.288100243,1.763100028,70.29000092,1.881999969,50.36000061,21.17000008,9.173647881,0.7931,8.292300224,8.579999924
2025/2/17,8.332799911,1.769400001,70.12000275,1.876000047,50.45000076,21.25,9.184598923,0.7931,8.249099731,8.56000042
2025/2/18,8.339400291,1.773300052,70.26000214,1.871000051,50.34999847,21.29999924,9.176634789,0.7921,8.251299858,8.550000191
2025/2/19,8.30150032,1.750399947,70.87000275,1.896999955,50.13000107,21.12000084,9.195549965,0.7931,8.260700226,8.56000042
2025/2/20,8.317500114,1.768399954,71.01000214,1.911000013,49.22999954,20.70999908,9.187585831,0.795,8.24960041,8.590000153
2025/2/23,8.263899803,1.75999999,71.29000092,1.855999947,48.49000168,20.68000031,9.177630424,0.796,8.260800362,8.590000153
2025/2/24,8.180999756,1.735999942,71.75,1.853000045,47.88000107,20.53000069,9.182607651,0.798,8.284099579,8.630000114
2025/2/25,8.15929985,1.749600053,71.55999756,1.919999957,48.54000092,20.55999947,9.219441414,0.799,8.279800415,8.640000343
2025/2/26,8.169799805,1.762500048,71.73999786,1.932000041,46.83000183,20.31999969,9.212472916,0.799,8.265199661,8.640000343
2025/2/27,8.11550045,1.724499941,71.19000244,1.886000037,47.41999817,20.68000031,9.206500053,0.8,8.293100357,8.649999619
2025/3/2,8.187299728,1.725499988,72.33999634,1.883999944,46.04000092,20.20999908,9.211000443,0.802,8.280599594,8.670000076
2025/3/3,8.166500092,1.727599978,72.16000366,1.866000056,45.97999954,19.94000053,9.177000046,0.802,8.295999527,8.649999619
2025/3/4,8.202599525,1.730999947,72.18000031,1.917999983,46.91999817,20.04000092,9.192000389,0.8,8.275799751,8.630000114
2025/3/5,8.235799789,1.752599955,71.90000153,1.955000043,45.43000031,19.61000061,9.18200016,0.799,8.279899597,8.600000381
2025/3/6,8.246199608,1.746999979,71.97000122,1.95599997,45.77000046,19.71999931,9.171999931,0.8,8.303600311,8.600000381
2025/3/9,8.246199608,1.746999979,71.51000214,1.95599997,45.77000046,19.71999931,9.171999931,0.8,8.322799683,8.600000381
